"","file","CoralID","time","C","D","R","area","peri","center_x","center_y","rC","pC"
"1","AD_D_B_N_D_03_0.txt","AD_D_B_N_D_03","t0",0.196308648329825,1.09658311477612,2.25699337154081,5.72548285500125,19.1443786251421,10.5335653386454,5.78750039840637,1.34999177624262,8.48224849330087
"2","AD_D_B_N_D_03_1.txt","AD_D_B_N_D_03","t1",0.0849714718763944,1.24196750076802,3.43054743987628,41.3991234449786,78.2463223254466,19.3215115015974,11.5673808945687,3.63011711544956,22.8086985231338
"3","AD_D_B_N_D_05_0.txt","AD_D_B_N_D_05","t0",0.207054935711632,1.11809796588488,2.19764331448261,4.76559368499147,17.0067232317957,12.1262408590308,7.25324030837004,1.23163938856624,7.73861850998306
"4","AD_D_B_N_D_05_1.txt","AD_D_B_N_D_05","t1",0.0760932185575889,1.14121784243395,3.62515869459902,199.814407324884,181.654162768201,24.0637552511416,16.6776266144814,7.97514271053913,50.1092995015198
"5","AD_D_B_N_D_07_0.txt","AD_D_B_N_D_07","t0",0.212160093416232,1.14231841734415,2.17104162919617,5.61370158499994,18.2346631219284,9.56267585470085,6.69041944444444,1.33674855997345,8.39903891141866
"6","AD_D_B_N_D_07_1.txt","AD_D_B_N_D_07","t1",0.0890414088537322,1.17614508747869,3.35122809680104,190.065565249999,163.779914966796,21.0118010851136,14.6645027806036,7.77815842228641,48.8716107158251
"7","AD_D_B_N_S_02_0.txt","AD_D_B_N_S_02","t0",0.190376020149521,1.13895008430277,2.29189057272759,12.5243208949978,28.7525192884805,14.5582527918782,8.19504670050761,1.99665098567978,12.5453281367888
"8","AD_D_B_N_S_02_1.txt","AD_D_B_N_S_02","t1",0.106333227835172,1.17145521288764,3.06665910157402,77.9075714949868,95.9533776090534,24.645159165557,12.6880810474922,4.97983435622359,31.2892220592122
"9","AD_D_B_S_D_08_0.txt","AD_D_B_S_D_08","t0",0.204702044321378,1.17372442563383,2.21023733181471,17.3446297850023,32.6306976566293,18.8511151051625,12.5432734225621,2.34967383540016,14.7634361192506
"10","AD_D_B_S_D_08_1.txt","AD_D_B_S_D_08","t1",0.11662714140672,1.20724092085248,2.92819627966027,123.941532825003,115.561600471883,24.8093910852713,18.7951095791805,6.28106799891319,39.4651141641673
"11","AD_D_B_S_D_10_0.txt","AD_D_B_S_D_10","t0",0.317003347590744,1.10195500086539,1.77610270531776,15.2470069500123,24.5847222942859,24.6243306818182,18.3727938636364,2.20301453624389,13.8419485656307
"12","AD_D_B_S_D_10_1.txt","AD_D_B_S_D_10","t1",0.0861358101255338,1.22855636809106,3.40728238977374,71.0041501551168,101.778237882731,28.7052826744754,20.0257491947291,4.75408487034592,29.8707962064423
"13","AD_D_G_N_D_08_0.txt","AD_D_G_N_D_08","t0",0.28061456019122,1.17121009410064,1.88775182712205,9.10103997999977,20.188095122966,8.90083472868217,6.51378046511628,1.70204318399618,10.69425272587
"14","AD_D_G_N_D_08_1.txt","AD_D_G_N_D_08","t1",0.077074785519828,1.24243874222561,3.60200107060925,116.944645504933,138.082595083342,20.0845958628842,11.5467112687155,6.10119961978617,38.3349678072102
"15","AD_D_G_N_D_10_0.txt","AD_D_G_N_D_10","t0",0.126071257985937,1.2038224724169,2.81638457319897,17.4292727699794,41.6808456992139,22.4829906303237,14.7705107325383,2.35540014258266,14.799415568404
"16","AD_D_G_N_D_10_1.txt","AD_D_G_N_D_10","t1",0.0553830192704633,1.17630392703743,4.24924415734038,139.557291439851,177.947906867373,25.4313122464899,16.4435685907436,6.66501804606237,41.8775434591059
"17","AD_D_G_N_S_09_0.txt","AD_D_G_N_S_09","t0",0.219386789263985,1.16657100428679,2.13498468421621,3.99068744500073,15.1190169256225,9.02099038854806,6.87305685071575,1.12706489006324,7.08155755748333
"18","AD_D_G_N_S_09_1.txt","AD_D_G_N_S_09","t1",0.179769854129912,1.19989539663583,2.35853088106388,20.8740947049955,38.1988531093126,17.6579410059676,11.1631930093777,2.57767932639745,16.196036870241
"19","AD_D_G_S_D_03_0.txt","AD_D_G_S_D_03","t0",0.28764333714403,1.18925581162686,1.86454487694235,3.25684650500079,11.9282413566386,8.7118804945055,6.68884615384615,1.01817800031472,6.39740105167093
"20","AD_D_G_S_D_03_1.txt","AD_D_G_S_D_03","t1",0.0766576468637908,1.18155230387826,3.61178806153777,57.0049606600078,96.6681740387849,22.008219992236,13.8498103649068,4.25972329378312,26.7646308121488
"21","AD_D_G_S_S_02_0.txt","AD_D_G_S_S_02","t0",0.193289901484889,1.17931761758122,2.27454963102185,7.94285062999916,22.7241970935493,12.5061003401361,8.36494370748299,1.59005908066646,9.99063585319101
"22","AD_D_G_S_S_02_1.txt","AD_D_G_S_S_02","t1",0.134391097557659,1.15804087602881,2.72781397247653,39.3525823499658,60.6605438743501,23.9587089765101,12.6304440016779,3.53925359487786,22.2377861857191
"23","AD_D_R_N_D_10_0.txt","AD_D_R_N_D_10","t0",0.217794819420721,1.06914642010187,2.14277330587521,4.72764112999721,16.5159443389194,15.8518922048998,9.664729844098,1.22672527894685,7.70774224862461
"24","AD_D_R_N_D_10_1.txt","AD_D_R_N_D_10","t1",0.0490594488815882,1.31365677776744,4.51480157019212,71.2489619400003,135.093007444856,18.0948555819477,13.1470999604117,4.76227350808778,29.9222469347877
"25","AD_D_R_N_S_02_0.txt","AD_D_R_N_S_02","t0",0.364053359212606,1.10532471259124,1.65736238737446,4.84049527000025,12.9260940249649,11.4943260692464,6.79829755600815,1.24128058812943,7.7991959534221
"26","AD_D_R_N_S_02_1.txt","AD_D_R_N_S_02","t1",0.177990448395921,1.19605561855745,2.37029091228436,43.1510264550161,55.1953064481089,19.2296771693345,11.9803171861837,3.70612983037696,23.2863004967245
"27","AD_D_R_S_D_03_0.txt","AD_D_R_S_D_03","t0",0.41404118202026,1.10472668281448,1.55409738658586,2.84888247999879,9.29866130732223,11.6455885106383,7.92133872340426,0.952274885712844,5.98331957030706
"28","AD_D_R_S_D_03_1.txt","AD_D_R_S_D_03","t1",0.109585211600867,1.1749811343638,3.02081427374134,75.6824961299426,93.1593994947851,21.0065909777274,13.7254635334088,4.90820606018403,30.8391682019581
"29","AD_D_R_S_D_05_0.txt","AD_D_R_S_D_05","t0",0.303933297479169,1.10975525206551,1.81388963456567,5.67777293000108,15.321624023229,9.04794272517321,4.94127829099307,1.34435533067938,8.4468336613532
"30","AD_D_R_S_D_05_1.txt","AD_D_R_S_D_05","t1",0.0929428348996376,1.20721815321728,3.28013744886505,210.05386498,168.524215058025,26.3398057567671,14.4512385436523,8.1769323009457,51.3771808911042
"31","AD_D_Y_N_D_03_0.txt","AD_D_Y_N_D_03","t0",0.140940393632984,1.16664933050981,2.66368128854133,7.1875707299987,25.3150189998192,11.2133362654321,7.14828009259259,1.51257225315151,9.50377175704908
"32","AD_D_Y_N_D_03_1.txt","AD_D_Y_N_D_03","t1",0.189584488381466,1.13342001988272,2.29667001076178,28.4550653000188,43.4293495455642,24.4251909423605,14.0673917657823,3.00957282633288,18.9097037633017
"33","AD_D_Y_N_D_10_0.txt","AD_D_Y_N_D_10","t0",0.192733619988009,1.13054399202778,2.27782974944728,10.7578780000003,26.4843610719395,12.6288052098408,6.82701244573082,1.85049693913803,11.6270151789729
"34","AD_D_Y_N_D_10_1.txt","AD_D_Y_N_D_10","t1",0.050501425297775,1.2154990128537,4.44987879928004,79.4606539299712,140.614200447068,27.7737937594554,20.324302193646,5.02922575637033,31.5995573789152
"35","AD_D_Y_N_S_02_0.txt","AD_D_Y_N_S_02","t0",0.198812402870386,1.13706433799204,2.24273656048112,6.52913608499875,20.3147300282424,12.6929311320755,8.18947924528302,1.44162705444038,9.05800992689236
"36","AD_D_Y_N_S_02_1.txt","AD_D_Y_N_S_02","t1",0.10833926022289,1.18435527671285,3.03813499458503,48.0280117399816,74.6378813575168,18.0370914822267,10.3010812206573,3.90996047941502,24.5670062359133
"37","AD_D_Y_S_D_07_0.txt","AD_D_Y_S_D_07","t0",0.197839554408106,1.1198414387594,2.24824397068572,2.38092138500178,12.2976151357042,9.4304679389313,6.40691526717557,0.870557760905312,5.46987573237142
"38","AD_D_Y_S_D_07_1.txt","AD_D_Y_S_D_07","t1",0.155382799639782,1.10473504143916,2.53687184714986,16.216867495008,36.2148712058471,23.747264254386,16.5076462719298,2.27200115461978,14.2754042726021
"39","AD_D_Y_S_D_08_0.txt","AD_D_Y_S_D_08","t0",0.264352873997275,1.09565590069692,1.94494794304317,2.99556794000091,11.9330785885321,11.1694208823529,6.06254264705882,0.976482918456591,6.1354231259583
"40","AD_D_Y_S_D_08_1.txt","AD_D_Y_S_D_08","t1",0.151446056745846,1.13405946364063,2.56963249148747,33.1139255550224,52.4181007330637,20.2196798561151,13.1853132374101,3.2466120609826,20.3990651996779
"41","AD_S_B_N_D_07_0.txt","AD_S_B_N_D_07","t0",0.297119770624147,1.11856560333433,1.83456973410911,7.58970642999702,17.9164369388486,10.1401979927007,6.21852591240876,1.55430968275332,9.76601576148265
"42","AD_S_B_N_D_07_1.txt","AD_S_B_N_D_07","t1",0.21863352951094,1.09966180085532,2.13865936128069,5.5590863149846,17.8750908480492,25.7406594724221,14.8951292565947,1.33023010498508,8.35808225081021
"43","AD_S_B_N_D_08_0.txt","AD_S_B_N_D_08","t0",0.265331140087399,1.19037508880779,1.94135915652872,3.4954360999991,12.8665319878686,5.45407666098807,4.0442926746167,1.05481366465998,6.62758971960387
"44","AD_S_B_N_D_08_1.txt","AD_S_B_N_D_08","t1",0.123811921027426,1.1489976670115,2.8419652871558,107.047886419983,104.234802882521,21.4580213963964,13.812833033033,5.83732820240221,36.6770147945186
"45","AD_S_B_N_D_10_0.txt","AD_S_B_N_D_10","t0",0.234208795651832,1.13312616840004,2.06632390288225,4.67970724500083,15.845745418121,4.28960749625187,4.00819220389805,1.22049050816861,7.66856802847716
"46","AD_S_B_N_D_10_1.txt","AD_S_B_N_D_10","t1",0.0790541658155826,1.28259011608043,3.5566212570988,148.262740974955,153.517738550128,22.605544363104,16.138488579795,6.86975226664213,43.1639265057295
"47","AD_S_B_N_S_01_0.txt","AD_S_B_N_S_01","t0",0.151931426908148,1.2236711773406,2.56552464930386,11.5484012950001,30.9059471107334,6.78691158333333,4.48649116666667,1.91728200894292,12.0466381483099
"48","AD_S_B_N_S_01_1.txt","AD_S_B_N_S_01","t1",0.105913136597644,1.18198045665519,3.07273484316024,51.8526389799954,78.4360020543534,24.6586029368576,13.956359030837,4.06266016447986,25.5264466535237
"49","AD_S_B_N_S_02_0.txt","AD_S_B_N_S_02","t0",0.300795798618744,1.09407902254226,1.82332512728546,2.92940982499931,11.0626485620117,6.52829164733179,4.12602296983759,0.965639740266114,6.06729342806876
"50","AD_S_B_N_S_02_1.txt","AD_S_B_N_S_02","t1",0.15840333745215,1.10602190865201,2.51256806866718,12.0299463499832,30.892610831956,19.3544792887029,9.51072573221757,1.95684717171788,12.2952333977337
"51","AD_S_B_S_D_03_0.txt","AD_S_B_S_D_03","t0",0.336575146521554,1.08496250072115,1.72368927037101,2.36180003000027,9.39042983803694,5.61838891687657,4.78551536523929,0.867054957161459,5.4478669673541
"52","AD_S_B_S_D_03_1.txt","AD_S_B_S_D_03","t1",0.0880014880890461,1.17213061856077,3.37097081070524,23.7188711949857,58.1978488598374,19.8261117977528,13.141768289638,2.74771745099162,17.2644179163515
"53","AD_S_B_S_S_04_0.txt","AD_S_B_S_S_04","t0",0.487786898395384,1.13650924720321,1.43180849357674,1.93549192999944,7.06131440360714,4.69759557522124,3.94509410029499,0.784911597536798,4.93174501707807
"54","AD_S_B_S_S_04_1.txt","AD_S_B_S_S_04","t1",0.434151638699454,1.25029318135793,1.51767673840117,18.3742644149897,23.0615870176316,10.600048241206,10.8333820770519,2.41841063813536,15.1953221882589
"55","AD_S_G_N_S_02_0.txt","AD_S_G_N_S_02","t0",0.26424487470748,1.14571381918169,1.9453453614198,3.7339683849932,13.3256058695126,14.4492223880597,9.21198507462686,1.09021055381108,6.84999493343789
"56","AD_S_G_N_S_02_1.txt","AD_S_G_N_S_02","t1",0.36560790455933,1.15288058425451,1.6538351256281,5.69374891999541,13.9893101757603,19.092531316726,11.3609288256228,1.34624536050559,8.4587090689874
"57","AD_S_G_S_D_08_0.txt","AD_S_G_S_D_08","t0",0.19027659281494,1.06783582269472,2.29248929800033,6.17683264499647,20.1973860365957,12.6402075789474,7.95382526315789,1.40219360154194,8.81024223502952
"58","AD_S_G_S_D_08_1.txt","AD_S_G_S_D_08","t1",0.0967703402514926,1.16496609053768,3.21461425309418,170.035477834987,148.59478607685,26.6368715941121,16.3294972752897,7.35689972725339,46.224764272672
"59","AD_S_N_N_D_07_0.txt","AD_S_N_N_D_07","t0",0.236404478184856,1.16240314772452,2.05670569421908,4.08693663999657,14.7392720497009,9.6606495412844,6.88518975535168,1.14057544104617,7.16644685291119
"60","AD_S_N_N_D_07_1.txt","AD_S_N_N_D_07","t1",0.0764663090752731,1.16226736321064,3.61630403582961,198.664463005029,180.688270895485,17.9193122319859,11.2786568717047,7.95216087663564,49.9649003804054
"61","AD_S_N_N_D_08_0.txt","AD_S_N_N_D_08","t0",0.415192131269052,1.10472668281448,1.55194184412047,2.43624493499919,8.58698787252421,11.6316772908367,8.46791195219124,0.880613904032539,5.5330603431153
"62","AD_S_N_N_D_08_1.txt","AD_S_N_N_D_08","t1",0.112184360828757,1.16006462946996,2.98561525469338,155.674597990001,132.052810716328,22.8595512195122,15.7830834082157,7.03937238451728,44.2296811381647
"63","AD_S_N_N_D_10_0.txt","AD_S_N_N_D_10","t0",0.223792642815148,1.07838242806078,2.1138642672457,5.79747081999813,18.0426911571768,15.5438287327478,9.68684153074028,1.35845216215642,8.53540666576755
"64","AD_S_N_N_D_10_1.txt","AD_S_N_N_D_10","t1",0.0665686769933441,1.24313833418296,3.87583283061457,286.457253325032,232.541184787496,25.0389419345497,15.1682578048074,9.54893584136014,59.9977333776346
"65","AD_S_N_S_D_03_0.txt","AD_S_N_S_D_03","t0",0.185492974234928,1.14200291039007,2.32186127143021,4.77924646499741,17.9937181455054,11.5466220243674,7.24384236176195,1.23340236675531,7.74969562863752
"66","AD_S_N_S_D_03_1.txt","AD_S_N_S_D_03","t1",0.0758936931704391,1.19885661186905,3.62992085853758,213.142673864961,187.861286998358,26.2912598612126,20.1279744338934,8.23683314501784,51.7535489944659
"67","AD_S_N_S_D_05_0.txt","AD_S_N_S_D_05","t0",0.519735100902044,1.15496191078339,1.38710384572192,1.65702319999946,6.32962822709768,10.1240147482014,6.41229856115108,0.726255372576154,4.56319708623073
"68","AD_S_N_S_D_05_1.txt","AD_S_N_S_D_05","t1",0.142085424985727,1.15148219070927,2.65292660251045,20.8637941000052,42.9562944612435,18.1411618392469,12.3559778421434,2.57704325251531,16.1920403001705
"69","AD_S_N_S_S_02_0.txt","AD_S_N_S_S_02","t0",0.227449955242804,1.16936613738425,2.09680031000163,5.63405024500025,17.6429970713643,8.3422763915547,6.57308119001919,1.33916910516924,8.41424764542822
"70","AD_S_N_S_S_02_1.txt","AD_S_N_S_S_02","t1",0.198250262307846,1.19910130230304,2.24591396044154,60.7993072450045,62.079378752454,19.4106120171674,12.3620420600858,4.39920681137074,27.641031600449
"71","AD_S_R_S_D_07_0.txt","AD_S_R_S_D_07","t0",0.236415123903569,1.07732002108202,2.05665938720534,7.52898388500034,20.004858689373,5.05226006160164,2.80752063655031,1.54807945646018,9.72687009517718
"72","AD_S_R_S_D_07_1.txt","AD_S_R_S_D_07","t1",0.0603361268548544,1.19529641789546,4.0710954598669,219.289493885008,213.710140849346,26.1394927504667,16.8305683883012,8.3547599510601,52.4945049695133
"73","AD_S_R_S_S_02_0.txt","AD_S_R_S_S_02","t0",0.328022774793153,1.19927468824514,1.74601512289496,1.98954269500064,8.7303079812837,6.44734387755102,5.28882482993197,0.79579589644798,5.00013308407576
"74","AD_S_R_S_S_02_1.txt","AD_S_R_S_S_02","t1",0.172909811764096,1.12107751012053,2.40486211638707,70.4638842099812,71.5613298561174,19.053298985115,10.7869368064953,4.73596357280616,29.7569367359934
"75","AD_S_Y_N_D_03_0.txt","AD_S_Y_N_D_03","t0",0.256875237285646,1.10271765923412,1.97305358337417,4.18437122999967,14.3073405816112,14.2892342465753,7.00719530332681,1.15409130053559,7.25136950266898
"76","AD_S_Y_N_D_03_1.txt","AD_S_Y_N_D_03","t1",0.0616720445875375,1.2434917688315,4.02676074916075,79.2703461250057,127.091391851149,16.3790641869159,13.3026476261682,5.02319966284442,31.5616943166135
"77","AD_S_Y_N_D_08_0.txt","AD_S_Y_N_D_08","t0",0.315801534189271,1.102389630218,1.77947906175396,2.27263820999906,9.50961569261511,9.06553,5.39080552238806,0.850531134034336,5.34404472466333
"78","AD_S_Y_N_D_08_1.txt","AD_S_Y_N_D_08","t1",0.151535226534267,1.17844658471649,2.56887633957236,90.3068634849624,86.5383300181934,23.5551560055223,15.0686993097101,5.3614892928657,33.6872307495344
"79","AD_S_Y_S_D_05_0.txt","AD_S_Y_S_D_05","t0",0.198245155515754,1.09605412890715,2.24594288760942,4.33477327000219,16.5762708249859,10.3583961073825,6.89329516778523,1.17464938862919,7.38053977972242
"80","AD_S_Y_S_D_05_1.txt","AD_S_Y_S_D_05","t1",0.0915745860736644,1.20962396809146,3.30455144907113,112.192022759933,124.079044079263,25.7212127587505,17.7564405720738,5.97593758296081,37.5479232178817
"81","AD_S_Y_S_D_10_0.txt","AD_S_Y_S_D_10","t0",0.127391369925821,1.16307108819277,2.80175397039669,17.4805163799974,41.5252309850256,8.98019567779961,8.20888801571709,2.35886014408461,14.8211553990039
"82","AD_S_Y_S_D_10_1.txt","AD_S_Y_S_D_10","t1",0.0582102512407062,1.24310612328019,4.14476835159251,96.9280419200659,144.653822647725,26.1856563448499,15.8198547626736,5.55456154809665,34.9003395068256
"83","AD_S_Y_S_S_02_0.txt","AD_S_Y_S_S_02","t0",0.420400824141464,1.04976783677546,1.54229773444921,2.84249674500097,9.21771212406397,15.7196837104072,9.24144479638009,0.951207030766202,5.97661003979612
"84","AD_S_Y_S_S_02_1.txt","AD_S_Y_S_S_02","t1",0.18192182352182,1.10626022479778,2.34453974685458,37.8644179049879,51.1420548991635,22.3283745042493,12.6314512747875,3.47168814177659,21.8132599235203
"85","AM_D_B_N_D_03_0.txt","AM_D_B_N_D_03","t0",0.367382277996238,1.07584233066809,1.64983646654328,2.7021355249999,9.61389543498549,12.3692965442765,6.62936803455724,0.927424633819857,5.82718083273334
"86","AM_D_B_N_D_03_1.txt","AM_D_B_N_D_03","t1",0.0420610075258946,1.25722671566491,4.87596033698627,298.342246425105,298.553711138754,39.0612707326429,26.2902273494438,9.74501341730178,61.2297251218585
"87","AM_D_B_N_D_05_0.txt","AM_D_B_N_D_05","t0",0.260497912706523,1.10397848661059,1.95928618431373,2.99852695500886,12.0269854825765,22.1875319148936,17.0918446808511,0.976965083187673,6.13845265631227
"88","AM_D_B_N_D_05_1.txt","AM_D_B_N_D_05","t1",0.0165743989735374,1.31135419650709,7.76749720378172,446.800138800405,582.026404177482,36.4909085849953,22.7107417663818,11.9256404997157,74.9310091665194
"89","AM_D_B_N_D_07_0.txt","AM_D_B_N_D_07","t0",0.604644906144275,1.02531303653499,1.28602615340706,0.992148445000566,4.54091174025396,10.9784866935484,7.46990201612903,0.561970336054809,3.53096375857035
"90","AM_D_B_N_D_07_1.txt","AM_D_B_N_D_07","t1",0.0276124569012962,1.23699753373083,6.01793474917095,175.945296484977,282.970548881912,23.1201874632451,17.4161674151296,7.48365734776161,47.0212058914223
"91","AM_D_B_N_D_10_0.txt","AM_D_B_N_D_10","t0",0.162167591307627,1.15164574907219,2.48323583560671,3.34015080000245,16.0881436821316,11.0264450116009,6.94163039443155,1.0311173652817,6.47870147951571
"92","AM_D_B_N_D_10_1.txt","AM_D_B_N_D_10","t1",0.0495196674018916,1.18784545409671,4.49377310263913,79.6948009650223,142.210304925412,37.3494891238671,30.6762671450151,5.03663012584963,31.6460804044365
"93","AM_D_B_S_D_08_0.txt","AM_D_B_S_D_08","t0",0.322255284249664,1.16096404744368,1.76157028676456,1.62382556499688,7.95746240563919,11.6990207729469,7.57948212560386,0.718943482324227,4.51725512483211
"94","AM_D_B_S_D_08_1.txt","AM_D_B_S_D_08","t1",0.0256186964461463,1.25795999632189,6.24771896832954,273.573204870103,366.32216494622,35.9436779910597,24.0953459637129,9.3317230833934,58.632945368246
"95","AM_D_B_S_S_02_0.txt","AM_D_B_S_S_02","t0",0.334084876992355,1.0878362134086,1.73010153541501,3.04340337000031,10.6993225959301,16.7244081272085,9.78015477031802,0.984248637446942,6.18421657741816
"96","AM_D_B_S_S_02_1.txt","AM_D_B_S_S_02","t1",0.132411040082107,1.14318913437199,2.74813397641278,24.2452893849986,47.9685421404593,21.2025523465704,12.5491301083032,2.77804163119129,17.4549503598343
"97","AM_D_B_S_S_06_0.txt","AM_D_B_S_S_06","t0",0.659784729963189,1.18128503969236,1.231115700654,0.896849104999092,4.13298178771172,11.6601080745342,8.21007950310559,0.53429948206628,3.35710265535252
"98","AM_D_B_S_S_06_1.txt","AM_D_B_S_S_06","t1",0.320526818477668,1.14435017849078,1.76631360300536,15.4927201699902,24.6454404461224,18.1282748387097,9.67749316129032,2.2206949349217,13.9530377868282
"99","AM_D_G_N_D_05_0.txt","AM_D_G_N_D_05","t0",0.581581056410301,1.11851959865043,1.31127829927387,0.692771910000374,3.86896624731538,10.2796410714286,7.20016607142857,0.46959146907024,2.95053021883901
"100","AM_D_G_N_D_05_1.txt","AM_D_G_N_D_05","t1",0.0549771403322075,1.19756146695865,4.26490073026089,23.0477655950235,72.5818900551889,26.908780307186,14.7476302797586,2.70856634464482,17.0184242601935
"101","AM_D_G_N_D_08_0.txt","AM_D_G_N_D_08","t0",0.186330576130595,1.11493340414317,2.31663672387387,7.51080819999333,22.5064088765963,14.7911431390977,9.45101776315789,1.5462097216381,9.71512220481473
"102","AM_D_G_N_D_08_1.txt","AM_D_G_N_D_08","t1",0.0237183033692721,1.27661229189617,6.49319118203078,376.585896880133,446.678601813672,29.5992459439663,21.8793660318623,10.9485621875357,68.7918450714661
"103","AM_D_G_N_D_10_0.txt","AM_D_G_N_D_10","t0",0.320899060936483,1.11305399203017,1.76528884509356,3.54109197499929,11.775769942209,13.2387425688073,8.96042055045872,1.06168007588367,6.67073265371759
"104","AM_D_G_N_D_10_1.txt","AM_D_G_N_D_10","t1",0.023628205180479,1.25602657684064,6.50555919988599,165.489823704818,296.671079524324,36.4302287160025,23.0462722643896,7.25789549029581,45.6027023056716
"105","AM_D_G_S_D_03_0.txt","AM_D_G_S_D_03","t0",0.218063461067926,1.08876476888046,2.14145301235785,6.14188165000087,18.8132663198099,14.4202018209408,9.40750804248862,1.39822088704399,8.78528093366642
"106","AM_D_G_S_D_03_1.txt","AM_D_G_S_D_03","t1",0.0328504226151052,1.25840713129551,5.51733710053786,174.342142235022,258.247211341365,34.6542944696657,16.0458134543954,7.44948504608662,46.8064949876255
"107","AM_D_G_S_D_07_0.txt","AM_D_G_S_D_07","t0",0.239777278046818,1.09778809212344,2.04218925638772,3.30639074499959,13.1637009472395,11.7583951219512,7.80422865853659,1.02589320190747,6.44587709296043
"108","AM_D_G_S_D_07_1.txt","AM_D_G_S_D_07","t1",0.037356691698207,1.28704035312342,5.17387337822146,193.359392479993,255.037101711562,28.3137101067887,20.0586353165523,7.84526648450348,49.2932631063407
"109","AM_D_G_S_S_04_0.txt","AM_D_G_S_S_04","t0",0.305787534341687,1.06112938523347,1.80838173301897,4.36129333499957,13.3875989050004,11.4179448571429,4.99601771428571,1.17823715145884,7.40308235841931
"110","AM_D_G_S_S_04_1.txt","AM_D_G_S_S_04","t1",0.160971660026468,1.08740002777372,2.49244330681858,19.6600220700057,39.1761921517783,21.8681120789779,11.2540225319396,2.50159536845476,15.7179872635835
"111","AM_D_N_N_D_03_0.txt","AM_D_N_N_D_03","t0",0.607935941067927,1.20104922178567,1.28254050617497,1.69841215999986,5.92512569025467,11.3920193548387,6.92387612903226,0.735269597727746,4.61983513325882
"112","AM_D_N_N_D_03_1.txt","AM_D_N_N_D_03","t1",0.0565485410212438,1.17966308265888,4.20522558265365,62.095161825011,117.468956655824,27.5379419956927,20.285592246949,4.44584119071783,27.9340440475721
"113","AM_D_N_N_D_07_0.txt","AM_D_N_N_D_07","t0",0.16568019414605,1.06113322443071,2.45677114479931,7.60515361999933,24.0172694309871,11.8904789115646,5.96965396825397,1.5558906077203,9.77594900600688
"114","AM_D_N_N_D_07_1.txt","AM_D_N_N_D_07","t1",0.0374588947702343,1.24033734892323,5.1668103437243,153.239240639959,226.73180632139,23.0981135113591,14.5731114388202,6.98409373125791,43.8823551162047
"115","AM_D_N_N_D_10_0.txt","AM_D_N_N_D_10","t0",0.718201813415812,1.18128503969236,1.17998571930914,1.36713572999997,4.89088555030684,10.4333364285714,5.55541142857143,0.659676298357069,4.14486842533175
"116","AM_D_N_N_D_10_1.txt","AM_D_N_N_D_10","t1",0.0244759881292647,1.21983513162849,6.39189869223357,219.349530919921,335.585486498062,25.8098358184765,22.274326904376,8.35590355506739,52.5016904454091
"117","AM_D_N_N_S_02_0.txt","AM_D_N_N_S_02","t0",0.444927575396296,1.10472668281448,1.49918538060436,2.29773043499881,8.05582102378754,10.690899543379,7.12509497716895,0.855213606793942,5.37346556870776
"118","AM_D_N_N_S_02_1.txt","AM_D_N_N_S_02","t1",0.324549230867534,1.07582886009821,1.75533376912666,27.9124510899856,32.8748384563346,21.4349338235294,11.5860907352941,2.9807396950361,18.7285398563778
"119","AM_D_N_S_D_05_0.txt","AM_D_N_S_D_05","t0",0.228843888549623,1.11607422037715,2.09040454332123,5.46794989000409,17.3279639433454,12.8760367647059,8.92637794117647,1.31928105691921,8.28928735287515
"120","AM_D_N_S_D_05_1.txt","AM_D_N_S_D_05","t1",0.0431432710199347,1.24174062682616,4.81441435594599,104.598047089996,174.546114436955,29.4167965154867,22.5693712389381,5.77014665881755,36.2549007069538
"121","AM_D_N_S_D_08_0.txt","AM_D_N_S_D_08","t0",0.2420327731153,1.07053083925161,2.03265143808927,10.5387348299992,23.3917159823409,12.8095736462094,6.90181732851986,1.83155220626063,11.5079819117091
"122","AM_D_N_S_D_08_1.txt","AM_D_N_S_D_08","t1",0.063261507426887,1.13269131171818,3.97585220435256,126.348738275003,158.423870172583,37.0916381717109,24.3672221124151,6.34177045467444,39.8465189423161
"123","AM_D_R_N_D_03_0.txt","AM_D_R_N_D_03","t0",0.203830591664447,1.06671772640093,2.21495709161464,3.19837641000049,14.0421961829191,12.1484686440678,7.70962683615819,1.00899694302816,6.33971476742367
"124","AM_D_R_N_D_03_1.txt","AM_D_R_N_D_03","t1",0.0367213157624577,1.34813462997148,5.21844226545749,109.450981935021,193.533275094677,31.5363615417018,24.6011933024431,5.90248503618946,37.086407255233
"125","AM_D_R_N_D_05_0.txt","AM_D_R_N_D_05","t0",0.143771006006072,1.14296259933194,2.63732920582807,6.321061775001,23.505218546759,12.9636597122302,8.85479532374101,1.41846975792975,8.91250834170278
"126","AM_D_R_N_D_05_1.txt","AM_D_R_N_D_05","t1",0.0570070506675499,1.19041568946383,4.18828005434559,400.406219584984,297.092065405301,32.4969730782255,21.1612487639688,11.2895198384775,70.9341451742346
"127","AM_D_R_N_D_07_0.txt","AM_D_R_N_D_07","t0",0.0815988716091661,1.12412886233057,3.50072441472075,9.66012992999458,38.5704174530777,12.1164889375,7.4257496875,1.75354351486845,11.0178388481215
"128","AM_D_R_N_D_07_1.txt","AM_D_R_N_D_07","t1",0.0254833817052921,1.19644909688669,6.26428445382078,66.7671751249582,181.450388863532,30.8492309187279,17.0126684805654,4.61005986022293,28.9658603789711
"129","AM_D_R_N_S_01_0.txt","AM_D_R_N_S_01","t0",0.147857335825868,1.18143533968536,2.60062996164122,4.2077636699978,18.9107678622891,13.2717071219512,7.75903609756098,1.15731273858248,7.27161039487324
"130","AM_D_R_N_S_01_1.txt","AM_D_R_N_S_01","t1",0.113525162753685,1.19248116621916,2.96793191152422,29.7892606649984,57.4233768010984,23.8419103926097,11.8224852193995,3.07932073220295,19.3479427806711
"131","AM_D_R_N_S_04_0.txt","AM_D_R_N_S_04","t0",0.10570156817223,1.17686423368145,3.07580844323963,7.58555402999627,30.0301754674322,13.3178134011091,9.36272865064695,1.55388443583463,9.76334385629119
"132","AM_D_R_N_S_04_1.txt","AM_D_R_N_S_04","t1",0.109811200838087,1.14087726554696,3.01770428541035,29.3517175949819,57.9559957278189,17.0926115447154,11.4817578861789,3.05662262750204,19.2053263827135
"133","AM_D_R_S_D_08_0.txt","AM_D_R_S_D_08","t0",0.258957692953796,1.04085993740167,1.96510423388213,2.07393606000187,10.0320157377116,12.1967475675676,7.86324405405405,0.812498831514024,5.1050807202695
"134","AM_D_R_S_D_08_1.txt","AM_D_R_S_D_08","t1",0.0333200711238189,1.35138690297098,5.47831550199335,62.3012544550002,153.285250462306,23.2064717192691,16.8820306478405,4.45321290920145,27.980361920837
"135","AM_D_R_S_D_10_0.txt","AM_D_R_S_D_10","t0",0.145489806562875,1.13653814236393,2.62170436273912,5.20207377999759,21.1971221507345,13.4193155367232,8.96524406779661,1.28680671152692,8.085245023046
"136","AM_D_R_S_D_10_1.txt","AM_D_R_S_D_10","t1",0.0222954645674346,1.259129465913,6.69717638111637,448.076190070249,502.54227609991,32.9839003304348,27.2185451304348,11.9426580401068,75.0379335262692
"137","AM_D_Y_N_D_07_0.txt","AM_D_Y_N_D_07","t0",0.642409975163879,1,1.24765313454619,1.04678240999965,4.52508771596696,9.88755130434783,7.00935739130435,0.577235818176751,3.62687961154595
"138","AM_D_Y_N_D_07_1.txt","AM_D_Y_N_D_07","t1",0.0218522169609657,1.39357154103013,6.76475773817934,475.949952000054,523.163966461653,30.443474186551,25.3738203904555,12.3085163626782,77.3366891631594
"139","AM_D_Y_N_D_08_0.txt","AM_D_Y_N_D_08","t0",0.335710399584401,1.11350272260738,1.72590784385522,4.60610177499984,13.1307429449461,13.7873194888179,6.16588945686901,1.21085413314369,7.60802089850611
"140","AM_D_Y_N_D_08_1.txt","AM_D_Y_N_D_08","t1",0.0341469632616062,1.25228511929312,5.41157842115428,272.609424644848,316.737381064649,37.0548404634581,22.4968084373143,9.3152710605398,58.5295742599789
"141","AM_D_Y_N_D_10_0.txt","AM_D_Y_N_D_10","t0",0.20752125580181,1.12347427852153,2.19517276855903,2.53557177000039,12.3911493779106,12.5032060498221,8.4171743772242,0.898386087113807,5.64472626272803
"142","AM_D_Y_N_D_10_1.txt","AM_D_Y_N_D_10","t1",0.0289983195411549,1.3235584010854,5.87237234037125,177.560394749977,277.390489766806,41.0671953232814,26.1669884232047,7.51792717732847,47.2365295810363
"143","AM_D_Y_N_S_04_0.txt","AM_D_Y_N_S_04","t0",0.662250842958354,1.04976783677546,1.22882132670821,1.44982915999753,5.24507964601616,13.3056578313253,8.25293012048193,0.67933419971672,4.2683826623247
"144","AM_D_Y_N_S_04_1.txt","AM_D_Y_N_S_04","t1",0.407053239071481,1.12993274942168,1.56738033104929,6.29281922000155,13.9380478874033,15.787453875969,10.2461709302326,1.41529734320879,8.89257547213978
"145","AM_D_Y_N_S_06_0.txt","AM_D_Y_N_S_06","t0",0.093686121244391,1.14925943359918,3.2670995707376,9.11360496999987,34.9632988737984,11.9627765859285,9.13488419838524,1.70321770796475,10.7016324776122
"146","AM_D_Y_N_S_06_1.txt","AM_D_Y_N_S_06","t1",0.124789412531242,1.10520715063618,2.83081266459357,16.7726612200204,41.0976556955293,22.2049052202284,10.6838592169657,2.31060682158258,14.5179708320366
"147","AM_D_Y_S_D_03_0.txt","AM_D_Y_S_D_03","t0",0.486681708514917,1.02531303653499,1.4334332956619,1.15901183499955,5.47049159817248,12.2451615384615,6.96268615384615,0.607391904197259,3.81635588815205
"148","AM_D_Y_S_D_03_1.txt","AM_D_Y_S_D_03","t1",0.0370825595656339,1.21387665219997,5.19296204643103,166.293880315032,237.387700807358,29.7783031683766,16.5134129752565,7.27550590104487,45.7133517797435
"149","AM_D_Y_S_D_05_0.txt","AM_D_Y_S_D_05","t0",0.378072728887077,1.11851959865043,1.62634367121547,2.1571506650007,8.46754465454685,10.1659434262948,6.33513984063745,0.828638873489327,5.20649159486598
"150","AM_D_Y_S_D_05_1.txt","AM_D_Y_S_D_05","t1",0.0163395747182948,1.23261711524122,7.8231134011338,221.302258144831,412.550844448015,34.8760916489926,19.6709229321315,8.39301475051111,52.734866963353
"151","AM_D_Y_S_S_02_0.txt","AM_D_Y_S_S_02","t0",0.368981859237465,1.11851959865043,1.64625646150893,2.22870136500023,8.71221058083919,10.83919375,7.41243625,0.842269361802317,5.29213447876385
"152","AM_D_Y_S_S_02_1.txt","AM_D_Y_S_S_02","t1",0.103807095548923,1.12092337194092,3.10374819519587,28.5776338450378,58.8172270524228,20.0258504186603,12.1156250598086,3.01604764163566,18.9503862276788
"153","AM_S_B_N_D_03_0.txt","AM_S_B_N_D_03","t0",0.414442214361612,1.20104922178567,1.55334529843658,3.42091208000056,10.1845980965312,18.5416086065574,14.2145090163934,1.04350856960052,6.55655771243
"154","AM_S_B_N_D_03_1.txt","AM_S_B_N_D_03","t1",0.193876583997067,1.0934209168588,2.27110555975312,8.66286560000299,23.6958908537687,24.0721036312849,13.8884340782123,1.66056489278872,10.4336369359884
"155","AM_S_B_N_D_07_0.txt","AM_S_B_N_D_07","t0",0.382433359380046,1.11146394335916,1.61704503694522,3.97863989000325,11.4338993282705,24.1921334365325,14.9863077399381,1.12536234633705,7.07086015975808
"156","AM_S_B_N_D_07_1.txt","AM_S_B_N_D_07","t1",0.179780131826117,1.12682824837959,2.35846346368552,11.7816905750078,28.6970920659866,22.4315114228457,12.1024703406814,1.93655069285144,12.1677068599326
"157","AM_S_B_N_D_08_0.txt","AM_S_B_N_D_08","t0",0.697233539151666,1.20104922178567,1.19759745674997,1.55493466999906,5.29385291419126,17.9937381679389,13.636720610687,0.70352759564258,4.42039425213684
"158","AM_S_B_N_D_08_1.txt","AM_S_B_N_D_08","t1",0.103311488854567,1.10128525383189,3.11118395088759,9.43702179500542,33.8803665948558,22.8299827586207,11.0678175750834,1.73317550567798,10.8898628720394
"159","AM_S_B_S_D_05_0.txt","AM_S_B_S_D_05","t0",0.712155444914791,1.0963225389712,1.18498431112756,1.15401835500234,4.51256936453507,20.7255598591549,14.7570345070423,0.606082049919645,3.8081258310004
"160","AM_S_B_S_D_05_1.txt","AM_S_B_S_D_05","t1",0.129404875916497,1.16826920381545,2.77987123513086,13.7806030099746,36.5816864158307,21.5973544993663,16.4585566539924,2.09439780740169,13.1594895308554
"161","AM_S_G_N_D_05_0.txt","AM_S_G_N_D_05","t0",0.243393832873924,1.12406441258927,2.02696017107976,6.20994275499834,17.9058089118872,11.4703253275109,6.09143304221252,1.40594671718077,8.83382375606757
"162","AM_S_G_N_D_05_1.txt","AM_S_G_N_D_05","t1",0.111172423086807,1.17504191302196,2.99917263072396,19.8648061699932,47.3858376492561,17.1621637608069,14.8397146974063,2.51459026305154,15.7996365943823
"163","AM_S_G_N_D_08_0.txt","AM_S_G_N_D_08","t0",0.767225979745218,1.02944684452679,1.14166411323316,2.01780750499893,5.74887874046187,8.7928496969697,7.41583818181818,0.801428772416493,5.03552548759828
"164","AM_S_G_N_D_08_1.txt","AM_S_G_N_D_08","t1",0.0647523847100516,1.19964564020132,3.92981509356532,31.5344932349981,78.2293958798117,20.0952995383195,11.607899076639,3.16823940896135,19.9066353040133
"165","AM_S_G_N_S_02_0.txt","AM_S_G_N_S_02","t0",0.170744697044556,1.10159555451116,2.4200614173742,8.41665205499885,24.8886308770366,12.2481884379786,6.82693238897397,1.63679673682325,10.2842972076474
"166","AM_S_G_N_S_04_0.txt","AM_S_G_N_S_04","t0",0.290233547640785,1.12481155064087,1.8562060967551,4.15975572500065,13.4203870376992,12.2678904761905,4.60456349206349,1.15069169258204,7.23000913592511
"167","AM_S_G_N_S_06_0.txt","AM_S_G_N_S_06","t0",0.44370812099446,1.07259844356743,1.50124409187661,2.57002737999937,8.53149456294266,12.4864799363057,7.68854426751592,0.904469525642974,5.68294963431162
"168","AM_S_G_N_S_06_1.txt","AM_S_G_N_S_06","t1",0.626280384791863,1.17770541093117,1.26361739309274,4.16835530999742,9.14540394518064,17.7603908045977,11.7867344827586,1.1518805078214,7.23747868236996
"169","AM_S_G_S_D_10_0.txt","AM_S_G_S_D_10","t0",0.767225979745218,1.02944684452679,1.14166411323316,2.01780750499893,5.74887874046187,8.7928496969697,7.41583818181818,0.801428772416493,5.03552548759828
"170","AM_S_N_N_D_05_0.txt","AM_S_N_N_D_05","t0",0.404775729179703,1.08627877134213,1.57178365451756,3.23048175000076,10.0145478520866,11.9774385714286,7.774066,1.01404845947398,6.37145438133502
"171","AM_S_N_N_D_05_1.txt","AM_S_N_N_D_05","t1",0.106881468116789,1.18063920106851,3.05878389360926,81.4861234100536,97.8803594076328,31.6659935556812,21.2034309214245,5.09292044589472,31.9997629162802
"172","AM_S_N_N_D_08_0.txt","AM_S_N_N_D_08","t0",0.541411930067203,1.11851959865043,1.3590520480595,3.01284344999931,8.36236855563884,11.1609502325581,5.99157069767442,0.979294570422434,6.15308925627898
"173","AM_S_N_N_D_10_0.txt","AM_S_N_N_D_10","t0",0.127477723801319,1.15135258065238,2.80080485045105,15.6649354600086,39.2963385607698,13.6011117692907,8.58380116913484,2.23300331915377,14.0303736457902
"174","AM_S_N_N_D_10_1.txt","AM_S_N_N_D_10","t1",0.0240614439834773,1.2503499780998,6.44672517553805,152.968274475075,282.64725527604,32.5633905557155,22.6550460696804,6.97791616730182,43.8435403371217
"175","AM_S_N_N_S_02_0.txt","AM_S_N_N_S_02","t0",0.497961306365443,1.03207924748487,1.41710555740954,2.38444316499954,7.75712198085311,10.814075,7.19440941558442,0.871201373083583,5.47391966695345
"176","AM_S_N_N_S_02_1.txt","AM_S_N_N_S_02","t1",0.254073419548904,1.17180340837602,1.98390276918525,33.2500498649897,40.5528579235008,21.2139350062735,14.3603218946048,3.25327828322912,20.4409503093517
"177","AM_S_N_S_D_03_0.txt","AM_S_N_S_D_03","t0",0.206655256252332,1.10886774636806,2.19976745258935,6.41871614499905,19.7563080450595,10.3523064792176,6.20150990220049,1.42938476470148,8.9810893518787
"178","AM_S_N_S_D_03_1.txt","AM_S_N_S_D_03","t1",0.14389049181458,1.12385997112885,2.6362339671684,12.5626284250029,33.1229600469717,28.1140337748344,7.80930370860927,1.99970218385937,12.5644993803601
"179","AM_S_N_S_D_07_0.txt","AM_S_N_S_D_07","t0",0.445972479708438,1.0963225389712,1.49742807046854,1.27729901000021,5.99925317267122,10.7460450980392,6.80267843137255,0.637633831047125,4.00637151859593
"180","AM_S_N_S_D_07_1.txt","AM_S_N_S_D_07","t1",0.0343892007318854,1.25325306426111,5.3924851640129,97.8146430100314,189.058334666602,26.632684467777,19.6066998189718,5.57990751568798,35.0595929179917
"181","AM_S_N_S_S_04_0.txt","AM_S_N_S_S_04","t0",0.210753506262291,1.080558181519,2.17827444109437,2.54456582000057,12.3175510902432,10.1683183622829,6.96666637717122,0.899978031149397,5.65472874210231
"182","AM_S_N_S_S_04_1.txt","AM_S_N_S_S_04","t1",0.124769499183269,1.16239957674139,2.83103855597315,45.4464145449892,67.655098222867,18.8594792399719,5.71689831104856,3.8034251722989,23.8976251595454
"183","AM_S_R_S_D_08_0.txt","AM_S_R_S_D_08","t0",0.539899997824774,1.08496250072116,1.36095365768299,2.28871084000002,7.29867007404902,10.846435828877,6.75009090909091,0.853533412930047,5.36290859930892
"184","AM_S_R_S_D_08_1.txt","AM_S_R_S_D_08","t1",0.105872732854295,1.16928844019626,3.07332110434475,28.1977403899946,57.8522193440605,23.2938769230769,15.4200007982583,2.99593383341142,18.8240074433729
"185","AM_S_R_S_D_10_0.txt","AM_S_R_S_D_10","t0",0.408252926667465,1.11131445898201,1.56507569333801,3.00940800999979,9.62455846308967,5.3116429280397,2.74544168734491,0.978736083499337,6.14958017944952
"186","AM_S_R_S_D_10_1.txt","AM_S_R_S_D_10","t1",0.0867178416813777,1.14892868149855,3.39582866434294,23.9634998700058,58.928559567445,26.5138261980831,16.4859806176784,2.76185063249025,17.3532193146874
"187","AM_S_R_S_S_06_0.txt","AM_S_R_S_S_06","t0",0.408252926667465,1.11131445898201,1.56507569333801,3.00940800999979,9.62455846308967,5.3116429280397,2.74544168734491,0.978736083499337,6.14958017944952
"188","AM_S_Y_N_D_07_0.txt","AM_S_Y_N_D_07","t0",0.235006032406796,1.07133971230278,2.06281601663354,3.68794402500134,14.0429253498923,10.8366901425178,6.80156840855107,1.08347083156418,6.80764800964168
"189","AM_S_Y_N_D_07_1.txt","AM_S_Y_N_D_07","t1",0.0392640243641264,1.22078105006485,5.0466431271775,182.452600169927,241.647638427957,28.212491119334,19.7805903176072,7.62079171700855,47.882846545384
"190","AM_S_Y_N_D_08_0.txt","AM_S_Y_N_D_08","t0",0.151775158230617,1.08695453381283,2.56684504984474,5.86266496000462,22.031908677245,15.639259601707,9.60052958748222,1.36606889143731,8.58326398727403
"191","AM_S_Y_N_D_08_1.txt","AM_S_Y_N_D_08","t1",0.0455434700061769,1.20549269267373,4.68583445636702,88.1160614900291,155.92631387607,35.7067831914106,22.0180186227323,5.29605641056202,33.2761038248375
"192","AM_S_Y_N_D_10_0.txt","AM_S_Y_N_D_10","t0",0.210279860131062,1.10045781983924,2.18072629485777,2.56745904499621,12.3867637536067,12.42984953125,7.16236171875,0.90401747571288,5.68010932083275
"193","AM_S_Y_N_D_10_1.txt","AM_S_Y_N_D_10","t1",0.0556535878704656,1.23021317016915,4.23890239079828,27.0065610200108,78.089562701857,18.3062482462977,16.5029982852689,2.93197124209895,18.4221186294292
"194","AM_S_Y_N_S_06_0.txt","AM_S_Y_N_S_06","t0",0.0852911100276642,1.14020914012701,3.42411322230594,12.4083933549991,42.7573543440946,16.6645575539568,9.26590831334932,1.98738880860125,12.4871321618565
"195","AM_S_Y_N_S_06_1.txt","AM_S_Y_N_S_06","t1",0.169591333405358,1.14220647661728,2.42827669940344,15.0326236050023,33.3749402100515,15.9237437810945,9.87452587064677,2.18747176181821,13.7442904337264
"196","AM_S_Y_S_D_03_0.txt","AM_S_Y_S_D_03","t0",0.254103780187934,1.13522695382276,1.98378424604665,4.21588801500184,14.4392256108838,12.4458085867621,7.11485974955277,1.15842946881493,7.27862701786182
"197","AM_S_Y_S_D_03_1.txt","AM_S_Y_S_D_03","t1",0.0406427482550143,1.21864276188276,4.9603059723429,81.0242711100145,158.278149770625,23.7482587926509,13.9920443044619,5.07846694536386,31.9089488941074
"198","AM_S_Y_S_S_02_0.txt","AM_S_Y_S_S_02","t0",0.177710880967394,1.10528108038104,2.37215460155474,4.44495686500159,17.7288962090594,13.7098183284457,6.38911803519062,1.18948464209947,7.47375242635519
"199","AM_S_Y_S_S_02_1.txt","AM_S_Y_S_S_02","t1",0.161306085296246,1.09480182403058,2.48985825709462,18.3958456100081,37.8564106721479,24.3455977366255,15.5366308641975,2.41983047389198,15.2042432794235
"200","PC_D_B_N_D_07_0.txt","PC_D_B_N_D_07","t0",0.418788318448364,1.11554577960732,1.54526411914703,11.012396240003,18.1781033064208,12.8630799331104,8.28131622073579,1.87225922184033,11.7637516338987
"201","PC_D_B_N_D_07_1.txt","PC_D_B_N_D_07","t1",0.271776809826959,1.16667787788303,1.9181996249983,47.911764479999,47.0673574948216,20.8038876895629,13.8637190008921,3.90522576792854,24.5372571662677
"202","PC_D_B_N_D_08_0.txt","PC_D_B_N_D_08","t0",0.43147361281545,1.05348665119353,1.52237933245859,6.91684744000304,14.1932518744663,13.7741612244898,9.58197295918367,1.48381296711479,9.32307183357823
"203","PC_D_B_N_D_08_1.txt","PC_D_B_N_D_08","t1",0.128013323882123,1.06774618110708,2.79493950907973,8.77692495999509,29.3527325538823,17.3239937642239,12.5735734638143,1.67146103306649,10.5020994044866
"204","PC_D_B_N_S_02_0.txt","PC_D_B_N_S_02","t0",0.821409206752341,1.24792751344359,1.1033675744193,3.12346304000039,6.91263036125537,13.7414444444444,9.58717777777778,0.997110407508517,6.26502946209336
"205","PC_D_B_N_S_02_1.txt","PC_D_B_N_S_02","t1",0.288042701225563,1.09056408458638,1.863251855922,20.8493718850077,30.1594197988716,19.1503526553672,13.4758410169492,2.57615240071707,16.1864429132409
"206","PC_D_B_S_D_10_0.txt","PC_D_B_S_D_10","t0",0.731833104287198,1.07342069416464,1.16894472259616,2.24333368000043,6.20648692653838,13.5179330316742,7.83305972850679,0.8450297558981,5.30947854638849
"207","PC_D_B_S_D_10_1.txt","PC_D_B_S_D_10","t1",0.259679356364458,1.12641841675274,1.96237176702331,17.721003085011,29.2839980712438,23.3920703488372,14.7830001453488,2.37503062612937,14.9227575341976
"208","PC_D_G_N_D_07_0.txt","PC_D_G_N_D_07","t0",0.81421756445985,1.05995066178163,1.10822965338161,3.47270270999979,7.32096788239894,11.8679246428571,8.25318785714286,1.0513779550524,6.60600251947779
"209","PC_D_G_N_D_07_1.txt","PC_D_G_N_D_07","t1",0.57660315099962,1.07843374133245,1.3169263708782,21.7762835449976,21.7850372920407,19.7372540930979,14.0991473515249,2.63279439696953,16.5423350718637
"210","PC_D_G_N_D_08_0.txt","PC_D_G_N_D_08","t0",1.00383050909218,1.04976783677546,0.998090230248701,0.892018894999637,3.34165617828662,10.3343985576923,6.41198125,0.532858736384349,3.34805018325242
"211","PC_D_G_N_D_08_1.txt","PC_D_G_N_D_08","t1",0.497164694100481,1.05264671085177,1.41824042462509,14.0135119999759,18.8203756226567,22.3184889110391,13.871575380015,2.11202258741414,13.2702292896719
"212","PC_D_G_N_D_10_0.txt","PC_D_G_N_D_10","t0",0.353970768114317,1.01154772174199,1.68080101193342,5.91796220499782,14.4946364332683,9.04906108374384,6.58955566502463,1.37249622072807,8.62364808823811
"213","PC_D_G_N_D_10_1.txt","PC_D_G_N_D_10","t1",0.225794755216147,1.0803452998694,2.10447162799877,43.3863908599596,49.1388252034089,26.2652165549598,15.3042654825737,3.7162235046562,23.3497209226513
"214","PC_D_G_N_S_06_0.txt","PC_D_G_N_S_06","t0",0.545824483375881,1.13162689695249,1.3535474774103,10.3688066449977,15.450509798218,13.3288207877462,10.5037041575492,1.81672608365459,11.4148266359884
"215","PC_D_G_N_S_06_1.txt","PC_D_G_N_S_06","t1",0.380111043251003,1.04656508710815,1.62197724226804,40.873987494997,36.7598044374697,20.9969613895216,13.1486214123007,3.60702014236269,22.6635759611941
"216","PC_D_G_N_S_09_0.txt","PC_D_G_N_S_09","t0",1.00192354598236,1.04976783677546,0.999039612299369,0.925811159999284,3.40760185755217,10.3693778301887,7.30924009433962,0.542858033897497,3.41087762246915
"217","PC_D_G_N_S_09_1.txt","PC_D_G_N_S_09","t1",0.880278721824721,0.981579836600756,1.06583480456073,6.20903954500682,9.41471207678813,18.9611346289753,14.0682915194346,1.40584446895159,8.83318131149631
"218","PC_D_G_S_D_03_0.txt","PC_D_G_S_D_03","t0",0.918974875208651,1.0820596924559,1.04315340749943,1.25212664000173,4.13787379772229,8.8641474916388,6.22215284280936,0.631319481931806,3.96669729301015
"219","PC_D_G_S_D_03_1.txt","PC_D_G_S_D_03","t1",0.753943452769855,1.11944285588148,1.15167678583602,29.1792263200041,22.0532413896519,19.8307552962298,14.156466427289,3.04762796431119,19.1488112471097
"220","PC_D_G_S_D_05_0.txt","PC_D_G_S_D_05","t0",0.91370354592833,1.14270110943113,1.04615815505013,2.00336145999972,5.24906480004649,9.85298954248366,6.68461960784314,0.798554793559906,5.01746774587343
"221","PC_D_G_S_D_05_1.txt","PC_D_G_S_D_05","t1",0.544202269984895,1.036793123629,1.35556337212006,13.025941900094,17.3432037350767,25.024527383592,16.0995284645233,2.03624312979949,12.7940929150015
"222","PC_D_G_S_S_01_0.txt","PC_D_G_S_S_01","t0",0.907764368758463,1.10472668281448,1.04957489461113,4.35531937500036,7.76476595268869,9.78960818965517,5.14479655172414,1.17742991916735,7.39801036834592
"223","PC_D_G_S_S_01_1.txt","PC_D_G_S_S_01","t1",0.438445416926156,1.1206295330714,1.51022700785537,3.95247778500197,10.6434367452926,20.8526401315789,12.5105546052632,1.12165625478038,7.04757409974214
"224","PC_D_G_S_S_02_0.txt","PC_D_G_S_S_02","t0",0.612798709091799,1.14005395959637,1.27744167128204,3.63403301000108,8.63257668768991,10.8996192622951,5.11750901639344,1.07552249339639,6.75770712804933
"225","PC_D_G_S_S_02_1.txt","PC_D_G_S_S_02","t1",0.54338471050865,1.10540955205507,1.35658275775194,17.6885897400061,20.2254330666815,20.7470225978648,13.3476560498221,2.37285755722781,14.9091037396038
"226","PC_D_R_N_D_03_0.txt","PC_D_R_N_D_03","t0",0.973412705164318,1.10472668281448,1.01356474216289,2.40476775000025,5.57176763487455,10.9713502702703,7.23607837837838,0.874906480031454,5.49719954048984
"227","PC_D_R_N_D_03_1.txt","PC_D_R_N_D_03","t1",0.915324628612934,1.08378343275034,1.04523134702673,11.74010502499,12.6956034596482,20.3429579281184,13.6992890063425,1.93312997346022,12.1462138461137
"228","PC_D_R_N_D_05_0.txt","PC_D_R_N_D_05","t0",0.709765684186646,1.05995066178163,1.18697753886872,7.42718845000127,11.467259871238,16.3410154450262,10.2356646596859,1.53757845659513,9.6608903671144
"229","PC_D_R_N_D_05_1.txt","PC_D_R_N_D_05","t1",0.485219109736731,1.0800018948436,1.43559207323267,27.827999680012,26.845838827988,25.2069991013072,15.5159677287582,2.97622704289629,18.7001860267565
"230","PC_D_R_N_D_08_0.txt","PC_D_R_N_D_08","t0",0.635491006627537,1.05503575848856,1.25442671829769,7.92640718500115,12.5195412912753,13.58074408867,7.60954975369458,1.58841234221599,9.98028909035424
"231","PC_D_R_N_D_08_1.txt","PC_D_R_N_D_08","t1",0.523110673689787,1.02086592695516,1.38262119201402,16.2024274449795,19.7286870548689,22.2993082292432,12.6340062943914,2.27098939581685,14.2690472045571
"232","PC_D_R_N_S_02_0.txt","PC_D_R_N_S_02","t0",0.6329901066036,1.14005395959637,1.25690235193924,4.51169371500146,9.46403364237261,12.3096140909091,7.29683,1.198380871392,7.52964908353525
"233","PC_D_R_N_S_02_1.txt","PC_D_R_N_S_02","t1",0.850989745020645,1.01974816599787,1.08402135227373,13.3063374749981,14.0175474741296,19.2549724517906,11.7508201101928,2.05804246000654,12.9310621462648
"234","PC_D_R_N_S_09_0.txt","PC_D_R_N_S_09","t0",0.835127376058117,1.05773860870997,1.09426785032312,6.28257964999921,9.72293927680356,10.0163032258065,6.37483594470046,1.41414540035028,8.88533760169646
"235","PC_D_R_N_S_09_1.txt","PC_D_R_N_S_09","t1",0.675579420489566,1.05097750043269,1.21663916894013,16.4665602299938,17.5012137760214,21.1481778761062,14.2190407079646,2.28942545470427,14.3848843788808
"236","PC_D_R_S_D_07_0.txt","PC_D_R_S_D_07","t0",0.513280339371906,1.04205076662298,1.39579836507225,10.0371937899981,15.6759464748839,13.9658673469388,11.2181691326531,1.78743895361463,11.2308101708319
"237","PC_D_R_S_D_07_1.txt","PC_D_R_S_D_07","t1",0.538389733421294,1.06565183702922,1.36286116104719,24.3565728499962,23.8432052344443,24.4376336814621,14.2553563968668,2.78440979952835,17.4949627415634
"238","PC_D_R_S_D_10_0.txt","PC_D_R_S_D_10","t0",1.01574963841638,1.36257007938471,0.992216995698967,1.28958076500021,3.99425573253381,9.84414943820225,6.59592134831461,0.640692052808541,4.02558689263335
"239","PC_D_R_S_D_10_1.txt","PC_D_R_S_D_10","t1",0.900576894441639,1.13468534655068,1.05375488230625,11.6793595749914,12.7659766731734,24.099786797066,15.6625229828851,1.928122303438,12.1147497274069
"240","PC_D_R_S_S_01_0.txt","PC_D_R_S_S_01","t0",0.718777914096668,1.0439041945623,1.17951274509092,8.5222608299955,12.2063264576149,13.882454005168,8.25584599483204,1.64703365928704,10.3486176884625
"241","PC_D_R_S_S_01_1.txt","PC_D_R_S_S_01","t1",0.333877174480591,1.080555940471,1.73063959340858,32.7750559899723,35.1223275166098,24.6532459034792,13.445080359147,3.22995732817563,20.2944204272102
"242","PC_D_R_S_S_04_0.txt","PC_D_R_S_S_04","t0",0.336816991003209,0.99394663541871,1.7230703295123,5.69831414500004,14.580792520402,11.7018142156863,6.58198676470588,1.34678495942539,8.46209946899206
"243","PC_D_R_S_S_04_1.txt","PC_D_R_S_S_04","t1",0.353373498239857,1.13533277714554,1.68222085238473,23.7196342799871,29.0430309989996,19.815738125,13.644541875,2.74776165050461,17.2646956300821
"244","PC_D_Y_N_D_08_0.txt","PC_D_Y_N_D_08","t0",0.515556036257768,1.05300098617789,1.39271438704701,4.93420007500026,10.9666850633387,11.718593258427,7.17782134831461,1.25323767270274,7.87432453152981
"245","PC_D_Y_N_D_08_1.txt","PC_D_Y_N_D_08","t1",0.204611081280917,1.09630857283167,2.21072857492477,22.0816242299043,36.826111548748,20.7179259451446,14.6913994810971,2.65118827988019,16.6579072467099
"246","PC_D_Y_N_D_10_0.txt","PC_D_Y_N_D_10","t0",0.806169294708629,0.998337639610038,1.11374783702324,6.79571117500018,10.2922247655378,9.7633184375,4.5051459375,1.47076240455494,9.2410727306517
"247","PC_D_Y_N_D_10_1.txt","PC_D_Y_N_D_10","t1",0.714462775935393,1.10850566478973,1.18306933236053,18.2356245950068,17.9091696405933,26.8306671403197,16.9015422735346,2.40926951363415,15.1378868091018
"248","PC_D_Y_N_S_01_0.txt","PC_D_Y_N_S_01","t0",0.324400934061636,1.10877102381541,1.75573494036434,4.63609259499935,13.4010841625754,14.0887865429234,8.36248770301624,1.21478973746561,7.63274902975645
"249","PC_D_Y_N_S_01_1.txt","PC_D_Y_N_S_01","t1",0.456504478681752,1.09158368395046,1.4800537194473,13.1723386599915,19.0420567272099,21.4461438383838,14.6967226262626,2.04765368645097,12.8657875569008
"250","PC_D_Y_N_S_06_0.txt","PC_D_Y_N_S_06","t0",0.950000845285739,1.12396375672179,1.02597789564079,1.87482465500034,4.97993029848017,11.862624137931,7.73970574712644,0.772512279868561,4.85383780648595
"251","PC_D_Y_N_S_06_1.txt","PC_D_Y_N_S_06","t1",0.408072675864135,1.01957898901084,1.56542131192767,38.4661285850161,34.4171903373771,27.9379414304993,13.9322388663968,3.49916404471519,21.9858961131656
"252","PC_D_Y_S_D_05_0.txt","PC_D_Y_S_D_05","t0",0.74849540355698,1.08496250072116,1.15586052286171,2.20112805500048,6.07901223908963,9.86868255813953,5.91105755813954,0.837042902522417,5.2592956666078
"253","PC_D_Y_S_D_05_1.txt","PC_D_Y_S_D_05","t1",0.23800272365916,1.07847358532443,2.04978842542645,15.4065969900112,28.5211695004775,18.2497691081081,13.4587511891892,2.21451397249374,13.9142016545165
"254","PC_D_Y_S_S_02_0.txt","PC_D_Y_S_S_02","t0",0.50508466629339,1.04630768940844,1.40707714192272,5.09537782999905,11.2592908124777,13.3935543859649,5.25050175438597,1.27354196520194,8.00190016383342
"255","PC_D_Y_S_S_02_1.txt","PC_D_Y_S_S_02","t1",0.476635906793884,1.09966180085532,1.44846038495439,12.278746490003,17.9923781551777,21.0765199195171,10.9101162977867,1.97697910907335,12.4217260907307
"256","PC_D_Y_S_S_04_0.txt","PC_D_Y_S_S_04","t0",0.511526759130217,1.00972644330771,1.3981888072806,5.32171319500048,11.4339551895456,7.53551914132379,4.81861216457961,1.30151985056064,8.17769040204516
"257","PC_D_Y_S_S_04_1.txt","PC_D_Y_S_S_04","t1",0.285943754121955,1.06094639859469,1.87007787747185,21.6051257749787,30.8136414041244,19.753123633157,12.8927021164021,2.62242733482168,16.4771968992977
"258","PC_S_B_N_D_07_0.txt","PC_S_B_N_D_07","t0",0.854603748152196,1.08746284125034,1.081726834399,2.31148332999874,5.82999145562548,9.817959375,7.75500703125,0.857769197213112,5.38952281688066
"259","PC_S_B_N_D_07_1.txt","PC_S_B_N_D_07","t1",0.566729273001527,1.06032553686015,1.32834895116687,37.8718029750744,28.9784465034363,21.0230439845593,12.5180545785975,3.47202668402345,21.8153870471916
"260","PC_S_B_N_D_08_0.txt","PC_S_B_N_D_08","t0",0.912915259541686,1.08496250072116,1.0466097272402,1.83889999999974,5.0311672553771,10.391269035533,7.685,0.765075192189166,4.80710920645057
"261","PC_S_B_N_D_08_1.txt","PC_S_B_N_D_08","t1",0.569054469808459,1.03506248893512,1.32563230935123,31.3411927800043,26.3078751960432,20.2766129404968,11.2334373194685,3.1585141295659,19.8455295714076
"262","PC_S_B_N_D_10_0.txt","PC_S_B_N_D_10","t0",0.405383373471881,1.13021733898569,1.57060521011097,10.7715577550007,18.2730575914309,13.0472947867299,8.34462440758294,1.85167311451465,11.6344053068179
"263","PC_S_B_N_D_10_1.txt","PC_S_B_N_D_10","t1",0.249720794807228,1.02220141575108,2.00111775710904,38.4693917247932,43.9982332175666,25.6901392754756,13.3821638128746,3.49931246125272,21.9868286417735
"264","PC_S_B_N_S_04_0.txt","PC_S_B_N_S_04","t0",0.397920696383115,1.15709399338543,1.5852645064311,8.37827753500096,16.266122523847,8.43302031602709,6.65984650112867,1.63306110375037,10.2608255328108
"265","PC_S_B_N_S_04_1.txt","PC_S_B_N_S_04","t1",0.191924342401794,1.10490748864595,2.28262710184548,40.0241125249304,51.1918420093544,23.2349968414659,14.4448931565094,3.56932356370473,22.4267213720394
"266","PC_S_B_S_D_03_0.txt","PC_S_B_S_D_03","t0",0.513480029203661,1.10101784040205,1.3955269291556,6.83980073999919,12.937932420139,12.3152802788845,8.28684741035857,1.47552573514288,9.27100161941513
"267","PC_S_B_S_D_03_1.txt","PC_S_B_S_D_03","t1",0.65692848952083,1.0528177679441,1.23378916407001,8.9126707999385,13.0571927889444,20.8691522022838,11.8689535073409,1.68433702919636,10.5830016741851
"268","PC_S_B_S_D_05_0.txt","PC_S_B_S_D_05","t0",0.659673823801373,1.18091024985437,1.23121918556872,1.95826331999706,6.10767403686889,9.51413140794224,6.70717797833935,0.789515404856774,4.96067159158803
"269","PC_S_B_S_D_05_1.txt","PC_S_B_S_D_05","t1",0.452485186299901,1.05919503037428,1.48661262665329,32.8799725350109,30.2181917194428,21.3752232437385,14.5937865607819,3.23512292121111,20.3268768054735
"270","PC_S_B_S_S_02_0.txt","PC_S_B_S_S_02","t0",0.579652495646201,1.00671034390854,1.31345786369549,4.87633208999978,10.2817659663296,14.4135971875,8.516315,1.24586705252294,7.82801355911127
"271","PC_S_B_S_S_02_1.txt","PC_S_B_S_S_02","t1",0.413031600192933,1.03808065864526,1.55599558380705,20.4109248199384,24.9198046552364,17.7685424613402,9.86292822164948,2.54892117499551,16.0153440758907
"272","PC_S_B_S_S_09_0.txt","PC_S_B_S_S_09","t0",0.572138370493586,1.14270110943113,1.32205481624083,4.56925543500074,10.0179097112939,9.87562723404255,6.6978885106383,1.20600131735407,7.57752975763832
"273","PC_S_B_S_S_09_1.txt","PC_S_B_S_S_09","t1",0.33643798704995,1.0757457062532,1.72404059249799,12.3263659349759,21.4570467461869,23.2955352247927,14.8056844609341,1.98080896045579,12.4457897566655
"274","PC_S_G_N_D_07_0.txt","PC_S_G_N_D_07","t0",0.710666964184717,1.02723782800274,1.18622462747175,4.94397798499995,9.34996816966023,7.66465938461538,5.79743046153846,1.25447880400607,7.88212278949916
"275","PC_S_G_N_D_07_1.txt","PC_S_G_N_D_07","t1",0.58404771396432,1.06456353603448,1.30850635377837,2.06738918001065,6.66947866025502,14.7961436665131,10.9580822662368,0.811215393460202,5.09701664114705
"276","PC_S_N_N_D_03_0.txt","PC_S_N_N_D_03","t0",0.423105907748646,1.15437195184893,1.53735956881795,5.25872190999871,12.4974235845093,10.7712768545994,7.90454985163205,1.29379409978709,8.12914807829791
"277","PC_S_N_N_D_03_1.txt","PC_S_N_N_D_03","t1",0.142671890050098,1.12021090105094,2.64746844629172,36.9904980200808,57.0795859256224,20.6842998411438,14.9321067060025,3.43139056574061,21.5600627858561
"278","PC_S_N_N_D_05_0.txt","PC_S_N_N_D_05","t0",0.532403256823472,1.12695082033759,1.37050191987263,4.44476562500131,10.242571703457,13.6593201754386,9.2844298245614,1.18945905360706,7.47359164911559
"279","PC_S_N_N_D_05_1.txt","PC_S_N_N_D_05","t1",0.5160798665012,1.02963301292354,1.39200739266174,25.6990955750225,25.0152814475272,22.2754632467532,15.623399851577,2.86011821215693,17.9706527274212
"280","PC_S_N_N_D_10_0.txt","PC_S_N_N_D_10","t0",0.453266004854667,1.16435952560429,1.4853316183234,5.28335738000169,12.1027302100363,21.0572578947368,14.0351510121457,1.29682106949904,8.14816708991727
"281","PC_S_N_N_D_10_1.txt","PC_S_N_N_D_10","t1",0.237544521490456,1.04795769887062,2.05176440242572,14.7537543049548,27.9372526974849,22.5041485093168,13.1443657142857,2.16708695109213,13.6162088904827
"282","PC_S_N_N_S_01_0.txt","PC_S_N_N_S_01","t0",0.771918234963597,0.979679007751328,1.13818891025978,2.56553788500059,6.46261817926499,12.0170844720497,8.62211055900621,0.903679186533995,5.6779837872344
"283","PC_S_N_N_S_01_1.txt","PC_S_N_N_S_01","t1",0.438691224575891,1.04969958500238,1.50980384305696,8.64485738502117,15.7363633581495,18.4024890284006,10.9709083109118,1.65883801810219,10.4227866623306
"284","PC_S_N_N_S_02_0.txt","PC_S_N_N_S_02","t0",0.289555792277535,1.20709465026021,1.85837721257844,8.61612222499753,19.3372507590167,9.92385791505792,7.39337355212355,1.65607876768727,10.4054497806647
"285","PC_S_N_N_S_02_1.txt","PC_S_N_N_S_02","t1",0.339975313379287,1.04609146783384,1.71504811541169,41.2621131550986,39.0532312875078,20.153441002045,9.54630503943909,3.6241052057166,22.7709245802316
"286","PC_S_N_N_S_06_0.txt","PC_S_N_N_S_06","t0",0.268732497361578,1.15002853802905,1.929034104935,9.61177776499972,21.2005290356338,13.7262874501992,7.853203187251,1.74914947514526,10.9902302822936
"287","PC_S_N_N_S_06_1.txt","PC_S_N_N_S_06","t1",0.403641698058961,1.03804359186278,1.57399006851576,10.9617662750534,18.4734150871041,19.8016933500627,12.0603533500627,1.86795036748452,11.7366783035194
"288","PC_S_N_S_D_07_0.txt","PC_S_N_S_D_07","t0",0.315794050202155,1.19425145053392,1.77950014752087,8.68468415999996,18.5900250418848,10.7104576142132,5.91040659898477,1.66265475265064,10.4467679127668
"289","PC_S_N_S_D_07_1.txt","PC_S_N_S_D_07","t1",0.311134413786917,1.06340909352007,1.79277577449914,40.9156406349503,40.6514072876095,19.9031305316305,12.6556899465399,3.60885756350232,22.6751208187017
"290","PC_S_N_S_D_08_0.txt","PC_S_N_S_D_08","t0",0.731229333064907,1.20104922178567,1.16942721798009,2.67757684000026,6.78342614753671,10.5646953846154,6.89128358974359,0.923200508659324,5.80063987158899
"291","PC_S_N_S_D_08_1.txt","PC_S_N_S_D_08","t1",0.379528393168936,1.05398023144769,1.62322179045115,33.8914596950635,33.4986984362385,23.1470977215767,12.9778652540442,3.28450706775586,20.6371665494511
"292","PC_S_N_S_S_04_0.txt","PC_S_N_S_S_04","t0",0.451888538713971,1.11837119531724,1.48759372173701,3.73514846999933,10.1916195572375,10.194982527881,7.04359739776952,1.09038281551254,6.85107728562948
"293","PC_S_N_S_S_04_1.txt","PC_S_N_S_S_04","t1",0.552925696177551,1.03878490508349,1.34482759909065,16.1031017400019,19.1304996783491,18.5226225806452,9.90693850806452,2.26401777423809,14.2252432142862
"294","PC_S_N_S_S_09_0.txt","PC_S_N_S_S_09","t0",0.338991673063944,1.18672919776372,1.71753456066233,3.92001981000067,12.0546483981529,9.44506840277778,7.18120173611111,1.11704120763717,7.01857690334004
"295","PC_S_N_S_S_09_1.txt","PC_S_N_S_S_09","t1",0.602733120297888,1.02953201371166,1.28806408695631,2.71050168003421,7.51739280702786,23.0920564992026,15.9375814593301,0.928859236522232,5.83619470735454
"296","PC_S_R_N_D_05_0.txt","PC_S_R_N_D_05","t0",0.632559295441926,1.09982057623545,1.25733029237201,6.31042524500299,11.1965345390244,12.5526237430168,8.05313994413408,1.41727581701948,8.90500658971771
"297","PC_S_R_N_D_05_1.txt","PC_S_R_N_D_05","t1",0.327447640141452,1.04691673796667,1.74754781563349,25.3078122450388,31.164581659823,17.6679783195799,16.1863947861965,2.83826123450239,17.8333212865628
"298","PC_S_R_N_D_08_0.txt","PC_S_R_N_D_08","t0",0.611658973867867,1.07690192597793,1.27863127834123,6.89571202499792,11.9025445130112,16.7377016778523,10.9631204697987,1.48154423148055,9.30881694717525
"299","PC_S_R_N_D_08_1.txt","PC_S_R_N_D_08","t1",0.176438434114595,1.11445642286742,2.38069304182052,38.2888997950358,52.2209512141632,22.2026842292209,13.6804836135449,3.49109371628154,21.9351887441271
"300","PC_S_R_N_D_10_0.txt","PC_S_R_N_D_10","t0",0.647619395035203,1.01976418209332,1.24262497106535,4.10788038499959,8.92799427844103,10.793317167382,6.96273690987124,1.14349417917445,7.18478582543428
"301","PC_S_R_N_D_10_1.txt","PC_S_R_N_D_10","t1",0.466168832668275,1.06154747401757,1.4646315429312,5.68614906497533,12.3806211826462,23.0813648852224,15.2484525824964,1.34534659537844,8.4530619611459
"302","PC_S_R_N_S_02_0.txt","PC_S_R_N_S_02","t0",0.640071509761416,1.02760423243684,1.24993017210018,6.64128975499989,11.4187061771248,13.4338787401575,8.08707244094488,1.45395604680045,9.1354752705415
"303","PC_S_R_N_S_02_1.txt","PC_S_R_N_S_02","t1",0.467860524522235,1.03565577586364,1.46198123487717,17.61134288006,21.7491839573116,23.0438992673993,14.3682247252747,2.36767070085677,14.8765137598629
"304","PC_S_R_N_S_09_0.txt","PC_S_R_N_S_09","t0",0.503441243219346,1.06153432897138,1.40937188732815,10.1011180250007,15.8787115404548,13.0330931693989,5.81836393442623,1.79312178305518,11.266516441276
"305","PC_S_R_N_S_09_1.txt","PC_S_R_N_S_09","t1",0.341964002589436,1.02458743452261,1.71005391887424,11.1973354500369,20.2848630812597,22.4476552454283,14.8287799486686,1.88791487431584,11.8621189995071
"306","PC_S_R_S_D_03_0.txt","PC_S_R_S_D_03","t0",0.60900478343782,1.13782948559119,1.28141454158899,6.41240100499999,11.5028357062853,16.4629722713864,9.71152241887906,1.42868143197368,8.97667018201733
"307","PC_S_R_S_D_03_1.txt","PC_S_R_S_D_03","t1",0.324859047137024,1.05896532775815,1.75449654343007,15.6093511900399,24.572530049995,22.6243921254355,15.9034631126597,2.22903808866166,14.0054593678226
"308","PC_S_R_S_D_07_0.txt","PC_S_R_S_D_07","t0",0.643628233020764,1.05345760195825,1.2464717979586,6.99928080999962,11.6899888701589,9.30466229508197,8.05558278688525,1.49262864705169,9.37846238423055
"309","PC_S_R_S_D_07_1.txt","PC_S_R_S_D_07","t1",0.138727347447186,1.11248965485447,2.6848433957727,35.2864400353283,56.5363560841363,23.6552128595364,17.7697901284557,3.35142099884161,21.0575991780947
"310","PC_S_Y_N_D_05_0.txt","PC_S_Y_N_D_05","t0",0.309688063942617,1.15696840711443,1.79695733779575,17.5252773800021,26.6670606546715,15.596006231003,13.0673484802432,2.36187828817825,14.8401189576281
"311","PC_S_Y_N_D_05_1.txt","PC_S_Y_N_D_05","t1",0.129479518939667,1.0862705280736,2.77906984233834,37.8146970197558,60.5807584097795,23.0164772212389,16.8691342654867,3.46940800489551,21.7989334009707
"312","PC_S_Y_N_D_07_0.txt","PC_S_Y_N_D_07","t0",0.817589871058743,1.14157695613305,1.10594173858046,2.24151573499967,5.86959419735024,8.98809328621908,4.91195053003534,0.844687290354791,5.30732677191856
"313","PC_S_Y_N_D_07_1.txt","PC_S_Y_N_D_07","t1",0.460566011124231,1.04401355607817,1.47351329142505,24.7884799399762,26.0066215422188,19.338206870229,10.5027575294934,2.80898882667109,17.6493973237714
"314","PC_S_Y_N_D_08_0.txt","PC_S_Y_N_D_08","t0",0.307159362882101,1.18617592313556,1.80433893620306,12.5602504099988,22.6684696522901,8.37720087108014,7.61448885017422,1.99951291029757,12.5633101394976
"315","PC_S_Y_N_D_08_1.txt","PC_S_Y_N_D_08","t1",0.0710944433211953,1.11046839586866,3.75043956001505,52.2742917449214,96.1238554529858,24.1211053728949,13.9022479640025,4.07914499076267,25.6300238718152
"316","PC_S_Y_N_S_01_0.txt","PC_S_Y_N_S_01","t0",0.862500341341471,1.16862151574122,1.07676359104733,3.24202051499924,6.87279157320184,10.6070381625442,6.12287738515901,1.01585785478822,6.38282314738831
"317","PC_S_Y_N_S_01_1.txt","PC_S_Y_N_S_01","t1",0.487749575546096,1.03185916944858,1.43186327389131,8.45849556999747,14.7622666276033,24.8824565415987,14.483284274062,1.64086037253996,10.3098297838763
"318","PC_S_Y_N_S_09_0.txt","PC_S_Y_N_S_09","t0",0.631104623482312,1.04548563872795,1.25877850739029,4.92003488000046,9.89779243205727,14.1472232718894,9.07978456221198,1.25143747054067,7.86301352775511
"319","PC_S_Y_N_S_09_1.txt","PC_S_Y_N_S_09","t1",0.267458562641642,1.07938826885754,1.93362274878655,28.2517009449657,36.4333393597618,22.1670535219003,14.4842784429493,2.9987990449996,18.8420100987257
"320","PC_S_Y_S_D_03_0.txt","PC_S_Y_S_D_03","t0",0.402274064979864,1.08046431695101,1.57666338822735,9.86852681499659,17.5577991935608,13.4896586065574,8.52518545081967,1.77235708797162,11.1360480142189
"321","PC_S_Y_S_D_03_1.txt","PC_S_Y_S_D_03","t1",0.198848078182837,1.06497353132992,2.24253536689339,22.2468498998787,37.495443541308,24.4050807483141,13.8309419621492,2.661088547865,16.7201124650493
"322","PC_S_Y_S_D_10_0.txt","PC_S_Y_S_D_10","t0",0.644074914044951,0.996347412397487,1.24603949431282,5.23900410001079,10.1102317107671,13.738334893617,10.3533606382979,1.29136625276908,8.11389346558622
"323","PC_S_Y_S_D_10_1.txt","PC_S_Y_S_D_10","t1",0.276367294315072,1.08507811597952,1.90220218689122,14.8451569949975,25.9808889172446,24.2539078967066,15.0586266467066,2.17378937191674,13.6583214425304
"324","PC_S_Y_S_S_04_0.txt","PC_S_Y_S_S_04","t0",0.495965181612488,1.09523627155297,1.41995442572969,9.38390138500108,15.4195271239096,17.5887231850117,11.0145754098361,1.72829065316561,10.859170438506
"325","PC_S_Y_S_S_04_1.txt","PC_S_Y_S_S_04","t1",0.304158211053118,1.21035590095876,1.8132188589087,44.5173447949928,42.8864191706267,20.0131384742952,14.4007925373134,3.76434734780131,23.6520919468256
"326","PC_S_Y_S_S_06_0.txt","PC_S_Y_S_S_06","t0",0.514401222750198,1.01277663054356,1.3942768092069,13.3135263349977,18.034349699949,13.6556031784841,8.76164449877751,2.05859832225668,12.9345547317877
"327","PC_S_Y_S_S_06_1.txt","PC_S_Y_S_S_06","t1",0.362207556324329,1.04974920119767,1.66157996479135,18.5492948350729,25.3682133203931,23.0797635749386,15.3392654176904,2.42990204077071,15.2675248004562
"328","PR_D_B_N_D_03_0.txt","PR_D_B_N_D_03","t0",0.381716776694196,1.07763639586781,1.61856213448766,6.91483565499948,15.0877764065725,9.1060887345679,5.79893333333333,1.48359716578406,9.3217159138277
"329","PR_D_B_N_D_03_1.txt","PR_D_B_N_D_03","t1",0.378638687927676,1.07539948653323,1.62512775199999,57.1559454498347,43.553508446223,18.3650569783835,12.259769431391,4.26536076913358,26.8000521144403
"330","PR_D_B_N_D_05_0.txt","PR_D_B_N_D_05","t0",0.780140353880054,1.16096404744368,1.13217517643231,3.05744918500204,7.01775471085467,11.8535093117409,7.07098542510121,0.986517258891462,6.19847074634591
"331","PR_D_B_N_D_05_1.txt","PR_D_B_N_D_05","t1",0.337008994272364,1.0513270749285,1.72257941936337,27.2153295249445,31.8559810791223,22.3643660864979,13.072049657173,2.94328191710197,18.4931856964225
"332","PR_D_B_N_D_08_0.txt","PR_D_B_N_D_08","t0",0.538136286036756,1.0869312209592,1.36318205832285,5.42907829000251,11.2595710483316,14.0505621242485,8.25782444889779,1.31458331518911,8.25977057105964
"333","PR_D_B_N_D_08_1.txt","PR_D_B_N_D_08","t1",0.404959876334942,1.05733169121312,1.57142624577512,36.5143748049741,33.6612988018161,19.546984138503,10.8981695832469,3.40923546975617,21.4208582122875
"334","PR_D_B_N_S_02_0.txt","PR_D_B_N_S_02","t0",0.700077040813383,1.04916331900659,1.19516284234568,6.22593202499775,10.5714412803869,11.8671686716792,8.58863007518797,1.40775555913129,8.8451890452341
"335","PR_D_B_N_S_02_1.txt","PR_D_B_N_S_02","t1",0.204830649405804,1.08516081046507,2.20954336245396,43.4348942049546,51.6210513062049,19.320953495912,10.2250519875952,3.7183001802953,23.3627690605147
"336","PR_D_B_S_D_10_0.txt","PR_D_B_S_D_10","t0",0.737171060230934,1.05263551335022,1.16470478927814,8.26861561499391,11.8723637696122,17.5204632022472,11.1915061797753,1.62233846508866,10.1934532071173
"337","PR_D_B_S_D_10_1.txt","PR_D_B_S_D_10","t1",0.451745479231748,1.04813853649539,1.48782924987336,45.1626862098929,35.4444226893677,25.4034429749038,17.0844670635648,3.79153392536916,23.8229102515524
"338","PR_D_G_N_D_08_0.txt","PR_D_G_N_D_08","t0",0.72548293649732,1.14178232200985,1.1740494756143,1.38985451500048,4.90654743729624,9.40928359133127,5.94660340557276,0.665134897958174,4.17916581814319
"339","PR_D_G_N_D_08_1.txt","PR_D_G_N_D_08","t1",0.322461216104513,1.12474227786794,1.76100770535253,19.5257955100387,27.5848455477038,17.1186379778052,13.242491541307,2.49304106393144,15.6642389830894
"340","PR_D_G_N_D_10_0.txt","PR_D_G_N_D_10","t0",0.61247672202324,1.16096404744368,1.2777774111064,1.2457451550008,5.05562370698288,12.1138677966102,7.49577118644068,0.629708661606552,3.95657621041001
"341","PR_D_G_N_D_10_1.txt","PR_D_G_N_D_10","t1",0.413340973555754,1.05073971025251,1.55541316671543,36.8884064650047,33.4884965321621,21.3125548094374,12.3813284417941,3.42665207795846,21.530289989045
"342","PR_D_G_N_S_01_0.txt","PR_D_G_N_S_01","t0",0.683825024078394,0.968219763901091,1.20928176825777,2.50666004499908,6.78703605952733,9.81648844884488,6.29364620462046,0.893249502448847,5.61245214943207
"343","PR_D_G_N_S_01_1.txt","PR_D_G_N_S_01","t1",0.0924538389903312,1.1145387961462,3.28880046662145,47.3861552050803,80.2542783085937,21.6999615010086,12.6168652639633,3.88374582973919,24.4022947342373
"344","PR_D_G_N_S_09_0.txt","PR_D_G_N_S_09","t0",0.577379913332096,1.0564718575934,1.31604022723756,5.90046788000473,11.3322806573809,12.2882280871671,7.60216755447942,1.37046607375572,8.61089229861003
"345","PR_D_G_N_S_09_1.txt","PR_D_G_N_S_09","t1",0.163440536558109,1.12632260710378,2.47354667810776,55.1825157247949,65.1367056876863,24.0581640040077,15.3973073321796,4.19107865587067,26.3333238318006
"346","PR_D_G_S_D_07_0.txt","PR_D_G_S_D_07","t0",0.337907678331663,1.04975327794105,1.72028724694538,8.65275228500104,17.9383724594268,14.215953171857,8.65253506343714,1.65959531061498,10.4275448715202
"347","PR_D_G_S_D_07_1.txt","PR_D_G_S_D_07","t1",0.182364415892062,1.0889868172937,2.34169295855792,26.8652046998031,43.0258995585293,23.8604948105437,16.2626442339374,2.92428799031466,18.3738433347068
"348","PR_D_R_N_D_03_0.txt","PR_D_R_N_D_03","t0",0.391673130762266,1.04910615342087,1.59785773834725,2.67781875999572,9.26901600721626,14.592894224924,8.30211094224924,0.92324221346029,5.80090191058165
"349","PR_D_R_N_D_03_1.txt","PR_D_R_N_D_03","t1",0.316207156007152,1.0458259244108,1.77833736217249,39.4192840149626,39.5797868303128,18.9831523243045,12.4221027452416,3.54225179910312,22.2566244584552
"350","PR_D_R_N_D_05_0.txt","PR_D_R_N_D_05","t0",0.699162132730527,1.16096404744368,1.19594456850528,3.49929420499939,7.93060302894118,13.1834650793651,9.03060476190476,1.05539563203424,6.63124632845905
"351","PR_D_R_N_D_05_1.txt","PR_D_R_N_D_05","t1",0.880328728029496,1.07159619902551,1.06580453228362,52.386706180012,27.3459516272362,15.5059290021536,10.567924264178,4.08352868016172,25.6575674046386
"352","PR_D_R_N_D_07_0.txt","PR_D_R_N_D_07","t0",0.398968552030882,1.10924155843888,1.58318135915772,7.89061059499727,15.764888569184,10.5727805687204,7.70047077409163,1.58482155475441,9.95772750733443
"353","PR_D_R_N_D_07_1.txt","PR_D_R_N_D_07","t1",0.531008329069484,1.03722489629482,1.37230085332824,52.3486396450317,35.1971067705201,18.3290450348675,13.0386251882845,4.08204477281745,25.6482437398159
"354","PR_D_R_N_S_01_0.txt","PR_D_R_N_S_01","t0",0.579752539286199,1.08496250072116,1.31334453191506,2.09360081499835,6.73644148346109,10.854300390625,7.212578515625,0.816341740410484,5.12922642898456
"355","PR_D_R_N_S_01_1.txt","PR_D_R_N_S_01","t1",0.0925664522606287,1.10161540891107,3.2867993351201,27.5080678556114,61.1094205865493,24.1305192493529,15.7244418464193,2.95906910163579,18.5923795023271
"356","PR_D_R_N_S_06_0.txt","PR_D_R_N_S_06","t0",0.45858084905155,1.12251999851757,1.47669921146172,10.4613306599931,16.9313052550747,12.9787289520426,9.69962841918295,1.82481368136953,11.4656425111213
"357","PR_D_R_N_S_06_1.txt","PR_D_R_N_S_06","t1",0.231621460788199,1.04203548855315,2.07783282025943,27.2594815549674,38.4569050295728,22.4659738888889,11.0836455687831,2.945668425195,18.5081805690081
"358","PR_D_R_S_D_08_0.txt","PR_D_R_S_D_08","t0",0.57978608419838,1.15887307775344,1.31330653801917,18.2575786699999,19.8926494098206,10.5202670840787,6.99054150268336,2.41071935082441,15.1469964048335
"359","PR_D_R_S_D_08_1.txt","PR_D_R_S_D_08","t1",0.108678173904264,1.16290146462164,3.03339407243153,72.2757911349181,91.4176794354512,25.5632976293103,16.7625340176951,4.7964673302337,30.1370930556913
"360","PR_D_R_S_D_10_0.txt","PR_D_R_S_D_10","t0",0.803173727492024,1.03120100480051,1.11582285601174,3.56667977999859,7.47020026771995,9.71384337349398,5.81414939759036,1.0655090026956,6.69479051040459
"361","PR_D_R_S_D_10_1.txt","PR_D_R_S_D_10","t1",0.485987690431782,1.04451788121892,1.43445644268099,38.4472242000047,31.5300596623122,23.3703345944213,12.9587237255531,3.49830409758588,21.9804929059978
"362","PR_D_R_S_S_02_0.txt","PR_D_R_S_S_02","t0",0.388053286745215,1.056947367664,1.60529301841302,2.95679940000082,9.78521065684515,9.99551559405941,6.30447772277228,0.970143536020604,6.09559161137991
"363","PR_D_R_S_S_02_1.txt","PR_D_R_S_S_02","t1",0.183143112853178,1.1155480931035,2.3367093925012,42.2458236650564,53.8395631271334,21.7477535480722,14.7202992972182,3.66705103899095,23.0407612088656
"364","PR_D_R_S_S_04_0.txt","PR_D_R_S_S_04","t0",0.576785689852414,1.13997202861592,1.31671796656476,5.05520713000078,10.4946309508471,10.152612183908,6.42774827586207,1.26851188649773,7.97029524722521
"365","PR_D_R_S_S_04_1.txt","PR_D_R_S_S_04","t1",0.153967075529493,1.09509080454521,2.54850840126272,65.0541508654132,72.8666003877359,23.7196376867101,14.2625513723988,4.55053616156963,28.5918619501637
"366","PR_D_Y_N_D_05_0.txt","PR_D_Y_N_D_05","t0",0.70575495246765,1.14005395959637,1.19034549543178,5.16791557000033,9.59258529940986,10.8454804780876,6.37450079681275,1.28257499464719,8.05865636172318
"367","PR_D_Y_N_D_05_1.txt","PR_D_Y_N_D_05","t1",0.555380423604782,1.03349973944665,1.3418523042613,50.0646880848799,33.6570002281261,26.085825773776,15.1567608047271,3.99200265106689,25.0824924034055
"368","PR_D_Y_N_D_07_0.txt","PR_D_Y_N_D_07","t0",0.687541571825839,1.18128503969236,1.20600891632215,2.29851265999969,6.48155037506643,9.62033160621762,6.63728808290155,0.855359166196576,5.37438014540771
"369","PR_D_Y_N_D_07_1.txt","PR_D_Y_N_D_07","t1",0.556340408187744,1.02193880962909,1.34069409817402,49.8003596200142,33.5390586561621,18.6154782724252,11.9418979667774,3.98145033907979,25.0161902717713
"370","PR_D_Y_N_D_10_0.txt","PR_D_Y_N_D_10","t0",0.441614263810177,1.16646776040258,1.50479886104496,6.41795273499883,13.5139293163704,9.90205516014235,7.06359412811388,1.42929976023591,8.98055525306957
"371","PR_D_Y_N_D_10_1.txt","PR_D_Y_N_D_10","t1",0.372706097399402,1.07235882570286,1.63801076308395,57.9918922148645,44.2186340662697,20.3309959179487,13.6950866666667,4.29643952715457,26.9953257102032
"372","PR_D_Y_N_S_01_0.txt","PR_D_Y_N_S_01","t0",0.599019933914619,1.12724149690378,1.29205012543284,7.543790239999,12.5799552609202,13.1807021052632,7.39414771929825,1.54960092045935,9.73642973542217
"373","PR_D_Y_N_S_01_1.txt","PR_D_Y_N_S_01","t1",0.483367004050501,1.03529198884337,1.4383398053982,36.3001975750085,30.7199798110269,19.9757528614698,10.9002305276582,3.39922222847375,21.3579431617845
"374","PR_D_Y_N_S_04_0.txt","PR_D_Y_N_S_04","t0",0.56570820485481,1.08029665917027,1.32954720436246,6.92311503999917,12.4010788048849,10.6973367816092,7.07931925287356,1.48448508258568,9.32729485962965
"375","PR_D_Y_N_S_04_1.txt","PR_D_Y_N_S_04","t1",0.240010149769954,1.12174747897609,2.04119829091505,37.9929690450081,44.6007071880957,12.6184412517938,8.95008912683519,3.47757640498391,21.8502569723893
"376","PR_D_Y_N_S_06_0.txt","PR_D_Y_N_S_06","t0",0.514965258881058,1.03280593231764,1.39351303151377,16.3686474450005,19.9858380453993,14.4121815730337,7.83063887640449,2.28260866229862,14.3420532089956
"377","PR_D_Y_N_S_06_1.txt","PR_D_Y_N_S_06","t1",0.428586766817968,1.02629027921159,1.5274978979006,54.2234624900157,39.8730242146206,22.398299068323,12.8090051759834,4.15449926870711,26.1034887638289
"378","PR_D_Y_S_D_03_0.txt","PR_D_Y_S_D_03","t0",0.561096088077711,1.1430762275806,1.33500035005429,11.8918183350033,16.3196351281362,13.8351764478764,10.3819088803089,1.94558046370054,12.2244425834589
"379","PR_D_Y_S_D_03_1.txt","PR_D_Y_S_D_03","t1",0.562672471518007,1.05558390428554,1.33312896964001,50.8879084400833,33.711990709739,20.8334696551724,13.265465387931,4.0246893474769,25.2878689740291
"380","PR_D_Y_S_D_08_0.txt","PR_D_Y_S_D_08","t0",0.464099515754921,1.05972378455773,1.46789314505527,17.2815940849978,21.6317310380459,11.6188690721649,7.74845793814433,2.34540023157458,14.736584274485
"381","PR_D_Y_S_D_08_1.txt","PR_D_Y_S_D_08","t1",0.426469084501307,1.05236486643185,1.53128568663425,60.7680463099387,42.3154332787317,24.7841789316239,14.89848,4.39807570472905,27.633924647817
"382","PR_D_Y_S_S_02_0.txt","PR_D_Y_S_S_02","t0",0.604055036776817,1.03099057762347,1.28665391270436,4.35625486000026,9.51970119680534,9.86282720588235,6.16662671568627,1.17755636326856,7.39880484006482
"383","PR_D_Y_S_S_02_1.txt","PR_D_Y_S_S_02","t1",0.54536780234429,1.04258402214589,1.3541140767815,26.9752890199306,24.9312031832421,20.1852221770918,11.4391538180341,2.93027322577759,18.4114496782275
"384","PR_D_Y_S_S_09_0.txt","PR_D_Y_S_S_09","t0",0.338412219013039,1.09738304918288,1.71900437563925,11.5527464949992,20.7121191590973,13.9095661858974,9.39417371794872,1.91764267316238,12.0489042684345
"385","PR_D_Y_S_S_09_1.txt","PR_D_Y_S_S_09","t1",0.411466476927552,1.06191321935467,1.55895209857366,38.3780431449413,34.2356924528527,19.999091340824,11.463782906367,3.49515529632417,21.9607084041749
"386","PR_S_B_N_D_03_0.txt","PR_S_B_N_D_03","t0",0.627707187885708,1.11991188754845,1.26218045008709,4.71775353999692,9.71838289169789,16.692115037594,11.3906180451128,1.22544179476611,7.69967787967823
"387","PR_S_B_N_D_03_1.txt","PR_S_B_N_D_03","t1",0.315792664445044,1.08187756960923,1.77950405190586,22.1629482000135,29.6973487371539,27.1705349409258,19.4883300987798,2.65606579719772,16.6885535918549
"388","PR_S_B_N_D_05_0.txt","PR_S_B_N_D_05","t0",0.616070282626065,1.15166040506059,1.27404529945818,1.92738460499822,6.27009317735165,14.0481507352941,8.43323676470588,0.783265966482251,4.9214052122151
"389","PR_S_B_N_D_05_1.txt","PR_S_B_N_D_05","t1",0.620653983316111,1.03062461793046,1.26933199326322,31.5705332499929,25.2825641153588,18.2330087864911,12.8312067258157,3.17004934434258,19.9180074634076
"390","PR_S_B_N_D_10_0.txt","PR_S_B_N_D_10","t0",0.478804400883895,1.08019332889076,1.44517664089443,4.78559553499872,11.2071158281304,12.144219047619,6.63312619047619,1.2342213618582,7.75484152663459
"391","PR_S_B_N_D_10_1.txt","PR_S_B_N_D_10","t1",0.510097278486788,1.05452528453498,1.40014655692606,35.369665770093,29.5184743051414,29.0953077619371,15.6820045259108,3.35537096095752,21.0824175220254
"392","PR_S_B_N_S_02_0.txt","PR_S_B_N_S_02","t0",0.618028704284067,1.04976783677546,1.27202508771617,2.75045596500058,7.47830126773011,13.952238671875,7.718337109375,0.935680140418115,5.87905171049483
"393","PR_S_B_N_S_02_1.txt","PR_S_B_N_S_02","t1",0.24190700674462,1.04562900243211,2.03317975262609,25.3545637950301,36.2918226391872,20.4255722877202,13.4549676380978,2.8408816089087,17.8497855845319
"394","PR_S_B_S_D_08_0.txt","PR_S_B_S_D_08","t0",0.485384335689056,1.03804325834433,1.43534771300197,4.21178757500093,10.4422787730139,10.6560172529313,5.32052596314908,1.15786597826728,7.2750865023321
"395","PR_S_B_S_D_08_1.txt","PR_S_B_S_D_08","t1",0.17656960267382,1.10746657347625,2.37980860280158,42.8849031201098,55.2457887974373,26.9457291033716,21.3638467210078,3.69468383372178,23.2143831787146
"396","PR_S_B_S_S_04_0.txt","PR_S_B_S_S_04","t0",0.444458200200138,1.11922324898993,1.49997678770109,6.56028982000134,13.6191807382603,14.2164329694323,9.49415174672489,1.4450623190497,9.07959433101196
"397","PR_S_B_S_S_04_1.txt","PR_S_B_S_S_04","t1",0.0932245617851589,1.14705558140334,3.27517737121962,62.4426074349321,91.7445493158033,25.0248454658318,13.6783788027637,4.45826191083839,28.0120857337382
"398","PR_S_B_S_S_06_0.txt","PR_S_B_S_S_06","t0",0.422936480830172,1.11557916595391,1.53766746849733,4.70596298499731,11.8247403124283,13.0956702166065,9.14374891696751,1.22390953184442,7.6900503878019
"399","PR_S_B_S_S_06_1.txt","PR_S_B_S_S_06","t1",0.139020407159279,1.08520985589405,2.68201203256932,44.7213529599831,63.5803802397339,21.8578790303351,12.6950415021857,3.77296286367589,23.7062248295825
"400","PR_S_G_N_D_05_0.txt","PR_S_G_N_D_05","t0",0.639482370437546,1.10709903256259,1.25050580445981,5.59037617500053,10.4812036679507,5.75650022026432,4.36346960352423,1.33396851686574,8.38157138541099
"401","PR_S_G_N_D_05_1.txt","PR_S_G_N_D_05","t1",0.604053699299993,1.05489685699191,1.28665533713801,23.1231440599076,21.9326243478761,17.2663173259736,11.621254983134,2.71299195611056,17.0462311971303
"402","PR_S_G_N_D_07_0.txt","PR_S_G_N_D_07","t0",0.590229805569535,1.16100897110733,1.30163564031829,8.49415184999907,13.4478969938642,4.62698920863309,4.10999856115108,1.64431520962407,10.3315371654819
"403","PR_S_G_N_D_07_1.txt","PR_S_G_N_D_07","t1",0.484629361878856,1.04262624100988,1.43646529718881,55.5299102400895,37.9457862777901,18.6170276749799,12.7611395012068,4.20425016005459,26.4160828333624
"404","PR_S_G_N_D_08_0.txt","PR_S_G_N_D_08","t0",0.323178921602431,1.1403829948019,1.75905122349898,2.62397038000017,10.1009653761539,6.10859564516129,4.5346214516129,0.913912311443222,5.74228040731059
"405","PR_S_G_N_D_08_1.txt","PR_S_G_N_D_08","t1",0.609511524843289,1.02692428478762,1.28088175361021,49.8576826299541,32.0612178805597,21.3407162552011,14.1410749791956,3.98374111650446,25.0305836508281
"406","PR_S_G_N_S_01_0.txt","PR_S_G_N_S_01","t0",0.4776032150143,1.16070005171906,1.44699283014957,5.43946854500064,11.9632601267515,5.20157779456193,3.17981042296072,1.31584064896152,8.26767063214465
"407","PR_S_G_N_S_01_1.txt","PR_S_G_N_S_01","t1",0.156465845925662,1.13615551822086,2.52807657067287,29.180588265066,48.4107908212145,21.8111932689262,14.0181796959138,3.04769908774295,19.1492581288112
"408","PR_S_G_N_S_06_0.txt","PR_S_G_N_S_06","t0",0.627303720818209,1.09310188665014,1.2625862872997,7.23268561000077,12.0369316387855,11.1780169054441,6.40607191977077,1.5173118774077,9.53355169453715
"409","PR_S_G_N_S_06_1.txt","PR_S_G_N_S_06","t1",0.308763776480975,1.065393807844,1.79964493286967,14.3565651699901,24.1722475532817,18.6457951419214,9.47471733078603,2.1377176205593,13.4316759443971
"410","PR_S_G_S_D_10_0.txt","PR_S_G_S_D_10","t0",0.470454539813398,1.13650924720321,1.45794509163483,2.46543836000001,8.11508689600489,6.5010501618123,5.36981326860841,0.885874372450605,5.56611284098858
"411","PR_S_G_S_D_10_1.txt","PR_S_G_S_D_10","t1",0.624583052455804,1.01834364438965,1.26533319653704,50.3378868850414,31.8241874861271,21.3201132692807,14.4010814593612,4.00287984395111,25.1508358219189
"412","PR_S_G_S_S_02_0.txt","PR_S_G_S_S_02","t0",0.768920656449739,1.09356340474435,1.14040532354532,2.94988507000016,6.94331256029571,4.12983296943231,2.88399104803493,0.969008555631484,6.08846031927506
"413","PR_S_G_S_S_02_1.txt","PR_S_G_S_S_02","t1",0.248700960309322,1.06938778744959,2.00521649689807,24.2152626649477,34.9792741314093,20.7731511870054,12.8729932528113,2.77632085732,17.4441384187293
"414","PR_S_N_N_D_03_0.txt","PR_S_N_N_D_03","t0",0.474266291624054,1.09593001495508,1.45207440641953,15.5577249300004,20.3033100688173,11.3876484732824,6.83598473282443,2.22534888315229,13.982279405971
"415","PR_S_N_N_D_03_1.txt","PR_S_N_N_D_03","t1",0.56497910480425,1.06586216064742,1.33040481164892,53.3669014300103,34.4528166369848,21.3034377474403,11.5668585665529,4.12155459992564,25.8964913049912
"416","PR_S_N_N_D_07_0.txt","PR_S_N_N_D_07","t0",0.520729118586997,1.03301129819444,1.38577929488328,14.1773314950005,18.4967849482098,11.3638473140496,7.04991818181818,2.1243316065444,13.347569137817
"417","PR_S_N_N_D_07_1.txt","PR_S_N_N_D_07","t1",0.399513724165318,1.08592901871085,1.58210079426591,15.5544640200096,22.1190569044935,18.1261651501896,13.2775953339166,2.22511565359177,13.9808139814231
"418","PR_S_N_N_S_02_0.txt","PR_S_N_N_S_02","t0",0.570061585639962,1.18091024985437,1.32446080832526,4.1463917100009,9.56046921830842,10.4000139194139,7.02483296703297,1.1488417964558,7.21838589576491
"419","PR_S_N_N_S_02_1.txt","PR_S_N_N_S_02","t1",0.25913927347933,1.07770292103613,1.9644156327605,19.1417393350275,30.4669522929858,19.7856799592391,9.20846460597826,2.46840127797172,15.5094226419752
"420","PR_S_N_N_S_06_0.txt","PR_S_N_N_S_06","t0",0.368382847019847,1.05447589960871,1.64759437285835,13.351093025005,21.3409448246991,12.5165451742627,8.19288873994638,2.06150064303132,12.9527905510356
"421","PR_S_N_N_S_06_1.txt","PR_S_N_N_S_06","t1",0.147631001562586,1.19106423883338,2.60262272139923,36.7352015450015,55.9187381183778,17.8073936529556,13.1545124761645,3.41952888900328,21.4855336728616
"422","PR_S_N_N_S_09_0.txt","PR_S_N_N_S_09","t0",0.734488819326703,1.04244341642611,1.1668295131889,6.25682416000018,10.3464011384548,11.2117505154639,6.99274819587629,1.4112437727911,8.8671061380497
"423","PR_S_N_N_S_09_1.txt","PR_S_N_N_S_09","t1",0.256317132363337,1.09602148883351,1.97520047877681,12.7981721549295,25.0489824286192,22.2844024587403,14.6254478443921,2.01836189074114,12.681741776476
"424","PR_S_N_S_D_08_0.txt","PR_S_N_S_D_08","t0",0.519542273996177,1.09381350158789,1.38736123202412,3.56927695500053,9.29147388411184,11.7910955156951,8.6604269058296,1.06589687179607,6.69722756383775
"425","PR_S_N_S_D_08_1.txt","PR_S_N_S_D_08","t1",0.411039612961623,1.05777015738363,1.55976137312319,27.0492372099543,28.7568031316038,22.8855985549985,15.15278643468,2.93428690104749,18.4366683437111
"426","PR_S_N_S_D_10_0.txt","PR_S_N_S_D_10","t0",0.758622480954321,1.03900125600064,1.14811963907158,3.52278883500003,7.63898018374948,9.81777653631285,5.84103854748603,1.05893272360353,6.65347053023735
"427","PR_S_N_S_D_10_1.txt","PR_S_N_S_D_10","t1",0.439874202063229,1.02978440856679,1.50777227766245,20.2185699949623,24.0334381412295,21.3099428238428,12.6953102564103,2.53688208513826,15.9397002433878
"428","PR_S_N_S_S_01_0.txt","PR_S_N_S_S_01","t0",0.567899061582435,1.11131445898201,1.32698014413774,11.6505038950017,16.0561608849931,11.3233734741784,7.41977370892019,1.92573896694277,12.099774782558
"429","PR_S_N_S_S_01_1.txt","PR_S_N_S_S_01","t1",0.135748440409847,1.09700924047719,2.7141420627588,25.5924461199902,48.6735930179945,26.5731610428868,14.2583271868506,2.85417739666246,17.9333254827936
"430","PR_S_N_S_S_04_0.txt","PR_S_N_S_S_04","t0",0.427981726328393,1.07691037411277,1.52857723331803,5.28219148500102,12.4537283778568,10.7813708823529,7.32117617647059,1.29667797482323,8.14726799955268
"431","PR_S_N_S_S_04_1.txt","PR_S_N_S_S_04","t1",0.187103755501577,1.05010298831842,2.31184518455536,34.9021215699613,48.4160765658386,21.0330924555972,9.32550307968063,3.33312021152961,20.9426119401462
"432","PR_S_R_N_D_03_0.txt","PR_S_R_N_D_03","t0",0.521558396370719,1.06112938523347,1.38467716216019,8.33528793499863,14.1714328972942,14.1013074829932,8.60745759637188,1.62886603313426,10.2344671267531
"433","PR_S_R_N_D_03_1.txt","PR_S_R_N_D_03","t1",0.421109242697368,1.04622118625608,1.5409999094217,26.355405809998,28.0441575996428,19.7994427888446,10.8860291633466,2.8964091947976,18.1986756963321
"434","PR_S_R_N_D_08_0.txt","PR_S_R_N_D_08","t0",0.625369498496683,1.09314762338868,1.26453732358576,6.87775787999271,11.7560121409636,14.8985470363289,8.66417112810707,1.47961424972192,9.29669051414629
"435","PR_S_R_N_D_08_1.txt","PR_S_R_N_D_08","t1",0.462823341098285,1.05936999169699,1.46991551331646,16.4372592999716,21.1257437966174,19.2590165524702,12.8122153263613,2.28738762280192,14.3720803034135
"436","PR_S_R_N_S_01_0.txt","PR_S_R_N_S_01","t0",0.565890334418463,1.06509671994445,1.32933323239268,8.43681291499888,13.6876220068033,13.7357067264574,8.07825269058296,1.63875591798389,10.29660710593
"437","PR_S_R_N_S_01_1.txt","PR_S_R_N_S_01","t1",0.108241736634452,1.15228815933589,3.03950333515458,43.3852353899274,70.9706095528112,22.8665263354763,17.1677877966102,3.71617401893732,23.3494099947095
"438","PR_S_R_N_S_02_0.txt","PR_S_R_N_S_02","t0",0.406994595890377,1.09145433267378,1.56749324760736,10.540620480002,18.0402976596554,12.6259858220211,6.43096983408748,1.8317160547683,11.5090114022452
"439","PR_S_R_N_S_02_1.txt","PR_S_R_N_S_02","t1",0.317226706600899,1.05968033584873,1.77547731913643,13.605590029998,23.2155379194614,14.7871835069024,6.97284371518527,2.08105593723763,13.0756600882703
"440","PR_S_Y_N_D_03_0.txt","PR_S_Y_N_D_03","t0",0.386459078086164,1.14598854101025,1.60860066254822,7.60252386000047,15.7228789627043,4.20673882352941,2.74091082352941,1.55562158142214,9.77425866392303
"441","PR_S_Y_N_D_03_1.txt","PR_S_Y_N_D_03","t1",0.308495323215485,1.06374425092661,1.80042778995887,14.4411250799894,24.2538760934608,17.7369256231884,11.9917127246377,2.14400393669819,13.4711740335972
"442","PR_S_Y_N_D_10_0.txt","PR_S_Y_N_D_10","t0",0.699912354867107,1.14772794176308,1.19530344205474,2.71411636499988,6.98067363340348,3.91654819587629,2.92352422680412,0.929478386640957,5.84008494228345
"443","PR_S_Y_N_D_10_1.txt","PR_S_Y_N_D_10","t1",0.21699604347636,1.08369351370499,2.14671352412371,36.2604613199364,45.8242838927481,24.4467157947686,13.6466197585513,3.39736122832423,21.3462501529884
"444","PR_S_Y_S_D_05_0.txt","PR_S_Y_S_D_05","t0",0.407887058287471,1.10222471103885,1.5657774603449,5.6938479800001,13.2445712170444,4.67258388017118,2.89774507845934,1.34625707146207,8.45878265109712
"445","PR_S_Y_S_S_06_0.txt","PR_S_Y_S_S_06","t0",0.609367746887971,1.05773860870997,1.28103285423758,3.79927787999986,8.85147668315114,4.03296754385965,3.4956326754386,1.09970346437726,6.9096406496297
"446","PR_S_Y_S_S_06_1.txt","PR_S_Y_S_S_06","t1",0.143207628606983,1.07813111635007,2.6425117273814,27.796665264992,49.3876320618192,21.628236075277,11.3847440127485,2.97455095044421,18.6896548272881
