Plot Title: 10998654,,,,,
#,"Date Time, GMT+05:00","Temp, øF (LGR S/N: 10998654, SEN S/N: 10998654)","Intensity, lum/ftý (LGR S/N: 10998654, SEN S/N: 10998654)",Coupler Detached (LGR S/N: 10998654),End Of File (LGR S/N: 10998654)
36,01/26/17 12:14:11 AM,82.508,0,,
37,01/26/17 01:14:11 AM,83.043,0,,
38,01/26/17 02:14:11 AM,82.508,0,,
39,01/26/17 03:14:11 AM,82.508,0,,
40,01/26/17 04:14:11 AM,82.508,0,,
41,01/26/17 05:14:11 AM,82.508,0,,
42,01/26/17 06:14:11 AM,82.508,0,,
43,01/26/17 07:14:11 AM,82.686,0,,
44,01/26/17 08:14:11 AM,82.686,7,,
45,01/26/17 09:14:11 AM,82.686,14,,
46,01/26/17 10:14:11 AM,82.686,49,,
47,01/26/17 11:14:11 AM,82.686,37,,
48,01/26/17 12:14:11 PM,82.508,112,,
49,01/26/17 01:14:11 PM,82.508,76,,
50,01/26/17 02:14:11 PM,82.508,104,,
51,01/26/17 03:14:11 PM,82.508,49,,
52,01/26/17 04:14:11 PM,82.33,26,,
53,01/26/17 05:14:11 PM,82.508,23,,
54,01/26/17 06:14:11 PM,82.508,0,,
55,01/26/17 07:14:11 PM,82.508,0,,
56,01/26/17 08:14:11 PM,82.508,0,,
57,01/26/17 09:14:11 PM,82.508,0,,
58,01/26/17 10:14:11 PM,82.508,0,,
59,01/26/17 11:14:11 PM,82.508,0,,
60,01/27/17 12:14:11 AM,82.508,0,,
61,01/27/17 01:14:11 AM,82.508,0,,
62,01/27/17 02:14:11 AM,82.508,0,,
63,01/27/17 03:14:11 AM,82.508,0,,
64,01/27/17 04:14:11 AM,82.508,0,,
65,01/27/17 05:14:11 AM,82.508,0,,
66,01/27/17 06:14:11 AM,82.508,0,,
67,01/27/17 07:14:11 AM,82.686,14,,
68,01/27/17 08:14:11 AM,82.686,55,,
69,01/27/17 09:14:11 AM,82.686,184,,
70,01/27/17 10:14:11 AM,82.864,224,,
71,01/27/17 11:14:11 AM,82.864,464,,
72,01/27/17 12:14:11 PM,83.043,384,,
73,01/27/17 01:14:11 PM,82.864,336,,
74,01/27/17 02:14:11 PM,82.686,256,,
75,01/27/17 03:14:11 PM,83.043,152,,
76,01/27/17 04:14:11 PM,83.043,74,,
77,01/27/17 05:14:11 PM,83.221,32,,
78,01/27/17 06:14:11 PM,83.221,2,,
79,01/27/17 07:14:11 PM,83.043,0,,
80,01/27/17 08:14:11 PM,83.043,0,,
81,01/27/17 09:14:11 PM,83.221,0,,
82,01/27/17 10:14:11 PM,83.221,0,,
83,01/27/17 11:14:11 PM,82.686,0,,
84,01/28/17 12:14:11 AM,82.864,0,,
85,01/28/17 01:14:11 AM,82.33,0,,
86,01/28/17 02:14:11 AM,82.508,0,,
87,01/28/17 03:14:11 AM,82.864,0,,
88,01/28/17 04:14:11 AM,82.33,0,,
89,01/28/17 05:14:11 AM,82.33,0,,
90,01/28/17 06:14:11 AM,82.508,0,,
91,01/28/17 07:14:11 AM,82.508,8,,
92,01/28/17 08:14:11 AM,82.508,59,,
93,01/28/17 09:14:11 AM,82.508,76,,
94,01/28/17 10:14:11 AM,82.508,98,,
95,01/28/17 11:14:11 AM,82.508,152,,
96,01/28/17 12:14:11 PM,82.686,110,,
97,01/28/17 01:14:11 PM,82.686,240,,
98,01/28/17 02:14:11 PM,82.864,120,,
99,01/28/17 03:14:11 PM,82.864,248,,
100,01/28/17 04:14:11 PM,82.864,72,,
101,01/28/17 05:14:11 PM,82.864,40,,
102,01/28/17 06:14:11 PM,82.864,1,,
103,01/28/17 07:14:11 PM,82.864,0,,
104,01/28/17 08:14:11 PM,82.864,0,,
105,01/28/17 09:14:11 PM,82.864,0,,
106,01/28/17 10:14:11 PM,82.864,0,,
107,01/28/17 11:14:11 PM,82.686,0,,
108,01/29/17 12:14:11 AM,82.508,0,,
109,01/29/17 01:14:11 AM,82.508,0,,
110,01/29/17 02:14:11 AM,82.686,0,,
111,01/29/17 03:14:11 AM,82.864,0,,
112,01/29/17 04:14:11 AM,82.864,0,,
113,01/29/17 05:14:11 AM,83.043,0,,
114,01/29/17 06:14:11 AM,82.864,0,,
115,01/29/17 07:14:11 AM,82.508,33,,
116,01/29/17 08:14:11 AM,82.686,72,,
117,01/29/17 09:14:11 AM,82.686,136,,
118,01/29/17 10:14:11 AM,82.864,272,,
119,01/29/17 11:14:11 AM,83.043,384,,
120,01/29/17 12:14:11 PM,82.864,80,,
121,01/29/17 01:14:11 PM,83.221,464,,
122,01/29/17 02:14:11 PM,83.221,368,,
123,01/29/17 03:14:11 PM,83.399,272,,
124,01/29/17 04:14:11 PM,83.221,128,,
125,01/29/17 05:14:11 PM,83.221,42,,
126,01/29/17 06:14:11 PM,83.043,3,,
127,01/29/17 07:14:11 PM,83.221,0,,
128,01/29/17 08:14:11 PM,83.221,0,,
129,01/29/17 09:14:11 PM,83.221,0,,
130,01/29/17 10:14:11 PM,83.221,0,,
131,01/29/17 11:14:11 PM,83.043,0,,
132,01/30/17 12:14:11 AM,83.221,0,,
133,01/30/17 01:14:11 AM,83.043,0,,
134,01/30/17 02:14:11 AM,83.043,0,,
135,01/30/17 03:14:11 AM,83.043,0,,
136,01/30/17 04:14:11 AM,82.864,0,,
137,01/30/17 05:14:11 AM,82.864,0,,
138,01/30/17 06:14:11 AM,82.864,0,,
139,01/30/17 07:14:11 AM,82.864,27,,
140,01/30/17 08:14:11 AM,82.864,184,,
141,01/30/17 09:14:11 AM,83.043,288,,
142,01/30/17 10:14:11 AM,83.043,192,,
143,01/30/17 11:14:11 AM,83.221,200,,
144,01/30/17 12:14:11 PM,83.221,176,,
145,01/30/17 01:14:11 PM,83.043,256,,
146,01/30/17 02:14:11 PM,83.043,248,,
147,01/30/17 03:14:11 PM,82.864,208,,
148,01/30/17 04:14:11 PM,83.221,224,,
149,01/30/17 05:14:11 PM,83.221,65,,
150,01/30/17 06:14:11 PM,83.221,3,,
151,01/30/17 07:14:11 PM,83.221,0,,
152,01/30/17 08:14:11 PM,83.043,0,,
153,01/30/17 09:14:11 PM,83.221,0,,
154,01/30/17 10:14:11 PM,83.043,0,,
155,01/30/17 11:14:11 PM,83.043,0,,
156,01/31/17 12:14:11 AM,83.043,0,,
157,01/31/17 01:14:11 AM,82.864,0,,
158,01/31/17 02:14:11 AM,82.864,0,,
159,01/31/17 03:14:11 AM,82.864,0,,
160,01/31/17 04:14:11 AM,82.864,0,,
161,01/31/17 05:14:11 AM,82.864,0,,
162,01/31/17 06:14:11 AM,82.864,0,,
163,01/31/17 07:14:11 AM,82.864,52,,
164,01/31/17 08:14:11 AM,82.864,176,,
165,01/31/17 09:14:11 AM,82.864,98,,
166,01/31/17 10:14:11 AM,83.043,512,,
167,01/31/17 11:14:11 AM,83.221,576,,
168,01/31/17 12:14:11 PM,83.221,576,,
169,01/31/17 01:14:11 PM,82.152,480,,
170,01/31/17 02:14:11 PM,83.043,448,,
171,01/31/17 03:14:11 PM,82.33,304,,
172,01/31/17 04:14:11 PM,82.686,152,,
173,01/31/17 05:14:11 PM,82.686,60,,
174,01/31/17 06:14:11 PM,82.508,4,,
175,01/31/17 07:14:11 PM,82.508,0,,
176,01/31/17 08:14:11 PM,82.686,0,,
177,01/31/17 09:14:11 PM,82.686,0,,
178,01/31/17 10:14:11 PM,82.686,0,,
179,01/31/17 11:14:11 PM,82.686,0,,
180,02/01/2017 00:14,82.864,0,,
181,02/01/2017 01:14,82.508,0,,
182,02/01/2017 02:14,82.508,0,,
183,02/01/2017 03:14,82.686,0,,
184,02/01/2017 04:14,82.864,0,,
185,02/01/2017 05:14,82.864,0,,
186,02/01/2017 06:14,82.686,0,,
187,02/01/2017 07:14,82.33,27,,
188,02/01/2017 08:14,82.508,109,,
189,02/01/2017 09:14,82.508,256,,
190,02/01/2017 10:14,82.686,384,,
191,02/01/2017 11:14,82.864,480,,
192,02/01/2017 12:14,82.864,480,,
193,02/01/2017 13:14,82.686,400,,
194,02/01/2017 14:14,82.686,272,,
195,02/01/2017 15:14,82.686,200,,
196,02/01/2017 16:14,83.757,176,,
197,02/01/2017 17:14,83.221,111,,
198,02/01/2017 18:14,83.221,5,,
199,02/01/2017 19:14,83.043,0,,
200,02/01/2017 20:14,82.686,0,,
201,02/01/2017 21:14,82.686,0,,
202,02/01/2017 22:14,82.864,0,,
203,02/01/2017 23:14,82.686,0,,
204,02/02/2017 00:14,82.686,0,,
205,02/02/2017 01:14,82.686,0,,
206,02/02/2017 02:14,82.686,0,,
207,02/02/2017 03:14,82.686,0,,
208,02/02/2017 04:14,82.864,0,,
209,02/02/2017 05:14,83.043,0,,
210,02/02/2017 06:14,82.864,0,,
211,02/02/2017 07:14,82.864,46,,
212,02/02/2017 08:14,82.864,81,,
213,02/02/2017 09:14,82.864,288,,
214,02/02/2017 10:14,82.864,208,,
215,02/02/2017 11:14,82.864,512,,
216,02/02/2017 12:14,83.043,512,,
217,02/02/2017 13:14,83.043,496,,
218,02/02/2017 14:14,82.864,32,,
219,02/02/2017 15:14,82.864,208,,
220,02/02/2017 16:14,83.757,136,,
221,02/02/2017 17:14,83.221,59,,
222,02/02/2017 18:14,83.579,7,,
223,02/02/2017 19:14,83.757,0,,
224,02/02/2017 20:14,83.757,0,,
225,02/02/2017 21:14,83.579,0,,
226,02/02/2017 22:14,83.221,0,,
227,02/02/2017 23:14,83.221,0,,
228,02/03/2017 00:14,83.043,0,,
229,02/03/2017 01:14,83.043,0,,
230,02/03/2017 02:14,82.686,0,,
231,02/03/2017 03:14,83.043,0,,
232,02/03/2017 04:14,82.864,0,,
233,02/03/2017 05:14,83.043,0,,
234,02/03/2017 06:14,83.043,0,,
235,02/03/2017 07:14,82.864,60,,
236,02/03/2017 08:14,82.864,192,,
237,02/03/2017 09:14,82.864,384,,
238,02/03/2017 10:14,83.043,480,,
239,02/03/2017 11:14,82.864,496,,
240,02/03/2017 12:14,83.043,576,,
241,02/03/2017 13:14,82.864,480,,
242,02/03/2017 14:14,83.043,304,,
243,02/03/2017 15:14,83.043,200,,
244,02/03/2017 16:14,83.579,144,,
245,02/03/2017 17:14,83.221,67,,
246,02/03/2017 18:14,83.043,6,,
247,02/03/2017 19:14,82.864,0,,
248,02/03/2017 20:14,82.864,0,,
249,02/03/2017 21:14,82.686,0,,
250,02/03/2017 22:14,82.686,0,,
251,02/03/2017 23:14,82.508,0,,
252,02/04/2017 00:14,82.33,0,,
253,02/04/2017 01:14,82.33,0,,
254,02/04/2017 02:14,82.33,0,,
255,02/04/2017 03:14,82.152,0,,
256,02/04/2017 04:14,81.797,0,,
257,02/04/2017 05:14,81.975,0,,
258,02/04/2017 06:14,81.797,0,,
259,02/04/2017 07:14,82.152,43,,
260,02/04/2017 08:14,81.975,128,,
261,02/04/2017 09:14,81.975,224,,
262,02/04/2017 10:14,82.152,304,,
263,02/04/2017 11:14,82.152,304,,
264,02/04/2017 12:14,82.33,336,,
265,02/04/2017 13:14,82.152,320,,
266,02/04/2017 14:14,82.152,176,,
267,02/04/2017 15:14,82.152,168,,
268,02/04/2017 16:14,82.152,101,,
269,02/04/2017 17:14,83.043,73,,
270,02/04/2017 18:14,83.043,4,,
271,02/04/2017 19:14,82.686,0,,
272,02/04/2017 20:14,82.686,0,,
273,02/04/2017 21:14,82.508,0,,
274,02/04/2017 22:14,82.508,0,,
275,02/04/2017 23:14,82.508,0,,
276,02/05/2017 00:14,82.33,0,,
277,02/05/2017 01:14,81.975,0,,
278,02/05/2017 02:14,82.152,0,,
279,02/05/2017 03:14,81.975,0,,
280,02/05/2017 04:14,81.975,0,,
281,02/05/2017 05:14,81.975,0,,
282,02/05/2017 06:14,81.975,0,,
283,02/05/2017 07:14,82.152,33,,
284,02/05/2017 08:14,82.152,117,,
285,02/05/2017 09:14,82.152,176,,
286,02/05/2017 10:14,82.152,256,,
287,02/05/2017 11:14,82.152,288,,
288,02/05/2017 12:14,82.33,336,,
289,02/05/2017 13:14,82.33,256,,
290,02/05/2017 14:14,82.33,184,,
291,02/05/2017 15:14,82.152,192,,
292,02/05/2017 16:14,82.152,118,,
293,02/05/2017 17:14,82.686,56,,
294,02/05/2017 18:14,82.33,4,,
295,02/05/2017 19:14,82.508,0,,
296,02/05/2017 20:14,82.508,0,,
297,02/05/2017 21:14,82.508,0,,
298,02/05/2017 22:14,82.508,0,,
299,02/05/2017 23:14,82.33,0,,
300,02/06/2017 00:14,82.152,0,,
301,02/06/2017 01:14,81.975,0,,
302,02/06/2017 02:14,81.975,0,,
303,02/06/2017 03:14,81.975,0,,
304,02/06/2017 04:14,81.975,0,,
305,02/06/2017 05:14,81.975,0,,
306,02/06/2017 06:14,81.975,0,,
307,02/06/2017 07:14,81.797,23,,
308,02/06/2017 08:14,82.152,42,,
309,02/06/2017 09:14,81.975,110,,
310,02/06/2017 10:14,82.152,168,,
311,02/06/2017 11:14,82.33,200,,
312,02/06/2017 12:14,82.152,232,,
313,02/06/2017 13:14,82.152,200,,
314,02/06/2017 14:14,82.152,152,,
315,02/06/2017 15:14,82.152,128,,
316,02/06/2017 16:14,82.152,69,,
317,02/06/2017 17:14,82.152,31,,
318,02/06/2017 18:14,81.975,3,,
319,02/06/2017 19:14,81.975,0,,
320,02/06/2017 20:14,81.975,0,,
321,02/06/2017 21:14,81.975,0,,
322,02/06/2017 22:14,82.33,0,,
323,02/06/2017 23:14,81.975,0,,
324,02/07/2017 00:14,82.152,0,,
325,02/07/2017 01:14,82.152,0,,
326,02/07/2017 02:14,82.152,0,,
327,02/07/2017 03:14,82.152,0,,
328,02/07/2017 04:14,82.152,0,,
329,02/07/2017 05:14,82.152,0,,
330,02/07/2017 06:14,82.33,0,,
331,02/07/2017 07:14,82.33,29,,
332,02/07/2017 08:14,82.33,89,,
333,02/07/2017 09:14,82.33,184,,
334,02/07/2017 10:14,82.508,304,,
335,02/07/2017 11:14,82.508,184,,
336,02/07/2017 12:14,82.508,464,,
337,02/07/2017 13:14,82.686,336,,
338,02/07/2017 14:14,82.686,304,,
339,02/07/2017 15:14,82.508,168,,
340,02/07/2017 16:14,82.508,98,,
341,02/07/2017 17:14,82.508,38,,
342,02/07/2017 18:14,82.508,2,,
343,02/07/2017 19:14,82.508,0,,
344,02/07/2017 20:14,82.508,0,,
345,02/07/2017 21:14,82.508,0,,
346,02/07/2017 22:14,82.508,0,,
347,02/07/2017 23:14,82.508,0,,
348,02/08/2017 00:14,82.686,0,,
349,02/08/2017 01:14,82.508,0,,
350,02/08/2017 02:14,82.508,0,,
351,02/08/2017 03:14,82.508,0,,
352,02/08/2017 04:14,82.508,0,,
353,02/08/2017 05:14,82.508,0,,
354,02/08/2017 06:14,82.508,0,,
355,02/08/2017 07:14,82.508,32,,
356,02/08/2017 08:14,82.508,69,,
357,02/08/2017 09:14,82.686,152,,
358,02/08/2017 10:14,82.686,416,,
359,02/08/2017 11:14,82.864,464,,
360,02/08/2017 12:14,83.221,496,,
361,02/08/2017 13:14,83.221,448,,
362,02/08/2017 14:14,83.221,336,,
363,02/08/2017 15:14,82.864,224,,
364,02/08/2017 16:14,82.864,110,,
365,02/08/2017 17:14,82.686,36,,
366,02/08/2017 18:14,82.686,2,,
367,02/08/2017 19:14,82.686,0,,
368,02/08/2017 20:14,82.686,0,,
369,02/08/2017 21:14,82.686,0,,
370,02/08/2017 22:14,82.686,0,,
371,02/08/2017 23:14,83.221,0,,
372,02/09/2017 00:14,83.043,0,,
373,02/09/2017 01:14,83.043,0,,
374,02/09/2017 02:14,83.043,0,,
375,02/09/2017 03:14,83.043,0,,
376,02/09/2017 04:14,82.864,0,,
377,02/09/2017 05:14,82.864,0,,
378,02/09/2017 06:14,82.686,0,,
379,02/09/2017 07:14,82.686,27,,
380,02/09/2017 08:14,82.686,64,,
381,02/09/2017 09:14,82.686,160,,
382,02/09/2017 10:14,82.864,240,,
383,02/09/2017 11:14,83.221,416,,
384,02/09/2017 12:14,83.221,416,,
385,02/09/2017 13:14,83.399,400,,
386,02/09/2017 14:14,83.579,288,,
387,02/09/2017 15:14,83.399,136,,
388,02/09/2017 16:14,83.043,90,,
389,02/09/2017 17:14,83.221,48,,
390,02/09/2017 18:14,83.043,2,,
391,02/09/2017 19:14,82.864,0,,
392,02/09/2017 20:14,83.221,0,,
393,02/09/2017 21:14,83.043,0,,
394,02/09/2017 22:14,83.043,0,,
395,02/09/2017 23:14,82.864,0,,
396,02/10/2017 00:14,83.221,0,,
397,02/10/2017 01:14,83.043,0,,
398,02/10/2017 02:14,82.864,0,,
399,02/10/2017 03:14,82.864,0,,
400,02/10/2017 04:14,82.864,0,,
401,02/10/2017 05:14,82.864,0,,
402,02/10/2017 06:14,82.686,0,,
403,02/10/2017 07:14,82.686,27,,
404,02/10/2017 08:14,82.864,77,,
405,02/10/2017 09:14,82.864,128,,
406,02/10/2017 10:14,82.864,216,,
407,02/10/2017 11:14,83.043,320,,
408,02/10/2017 12:14,83.579,896,,
409,02/10/2017 13:14,83.757,864,,
410,02/10/2017 14:14,83.757,576,,
411,02/10/2017 15:14,83.757,368,,
412,02/10/2017 16:14,83.579,176,,
413,02/10/2017 17:14,83.579,66,,
414,02/10/2017 18:14,83.399,5,,
415,02/10/2017 19:14,83.043,0,,
416,02/10/2017 20:14,83.043,0,,
417,02/10/2017 21:14,83.043,0,,
418,02/10/2017 22:14,83.043,0,,
419,02/10/2017 23:14,83.043,0,,
420,02/11/2017 00:14,83.043,0,,
421,02/11/2017 01:14,83.043,0,,
422,02/11/2017 02:14,83.221,0,,
423,02/11/2017 03:14,83.043,0,,
424,02/11/2017 04:14,83.043,0,,
425,02/11/2017 05:14,83.043,0,,
426,02/11/2017 06:14,83.043,0,,
427,02/11/2017 07:14,82.864,42,,
428,02/11/2017 08:14,83.043,116,,
429,02/11/2017 09:14,83.043,224,,
430,02/11/2017 10:14,83.221,352,,
431,02/11/2017 11:14,83.221,448,,
432,02/11/2017 12:14,83.221,464,,
433,02/11/2017 13:14,83.221,368,,
434,02/11/2017 14:14,83.579,368,,
435,02/11/2017 15:14,83.579,256,,
436,02/11/2017 16:14,83.579,192,,
437,02/11/2017 17:14,83.579,75,,
438,02/11/2017 18:14,83.579,5,,
439,02/11/2017 19:14,83.399,0,,
440,02/11/2017 20:14,83.221,0,,
441,02/11/2017 21:14,83.221,0,,
442,02/11/2017 22:14,83.221,0,,
443,02/11/2017 23:14,83.221,0,,
444,02/12/2017 00:14,83.221,0,,
445,02/12/2017 01:14,82.864,0,,
446,02/12/2017 02:14,82.864,0,,
447,02/12/2017 03:14,82.864,0,,
448,02/12/2017 04:14,82.864,0,,
449,02/12/2017 05:14,82.864,0,,
450,02/12/2017 06:14,82.864,0,,
451,02/12/2017 07:14,82.686,21,,
452,02/12/2017 08:14,82.686,86,,
453,02/12/2017 09:14,82.686,176,,
454,02/12/2017 10:14,82.864,272,,
455,02/12/2017 11:14,82.864,320,,
456,02/12/2017 12:14,82.864,304,,
457,02/12/2017 13:14,83.221,352,,
458,02/12/2017 14:14,83.579,496,,
459,02/12/2017 15:14,83.579,368,,
460,02/12/2017 16:14,83.399,160,,
461,02/12/2017 17:14,83.221,71,,
462,02/12/2017 18:14,83.043,6,,
463,02/12/2017 19:14,82.864,0,,
464,02/12/2017 20:14,82.864,0,,
465,02/12/2017 21:14,82.686,0,,
466,02/12/2017 22:14,82.508,0,,
467,02/12/2017 23:14,82.508,0,,
468,02/13/17 12:14:11 AM,82.33,0,,
469,02/13/17 01:14:11 AM,82.508,0,,
470,02/13/17 02:14:11 AM,82.508,0,,
471,02/13/17 03:14:11 AM,82.686,0,,
472,02/13/17 04:14:11 AM,82.864,0,,
473,02/13/17 05:14:11 AM,82.864,0,,
474,02/13/17 06:14:11 AM,82.864,0,,
475,02/13/17 07:14:11 AM,82.508,46,,
476,02/13/17 08:14:11 AM,82.508,144,,
477,02/13/17 09:14:11 AM,82.508,288,,
478,02/13/17 10:14:11 AM,82.686,400,,
479,02/13/17 11:14:11 AM,82.508,384,,
480,02/13/17 12:14:11 PM,82.33,288,,
481,02/13/17 01:14:11 PM,82.508,320,,
482,02/13/17 02:14:11 PM,83.579,576,,
483,02/13/17 03:14:11 PM,83.399,336,,
484,02/13/17 04:14:11 PM,83.399,176,,
485,02/13/17 05:14:11 PM,83.221,72,,
486,02/13/17 06:14:11 PM,83.043,4,,
487,02/13/17 07:14:11 PM,82.864,0,,
488,02/13/17 08:14:11 PM,82.686,0,,
489,02/13/17 09:14:11 PM,82.508,0,,
490,02/13/17 10:14:11 PM,82.508,0,,
491,02/13/17 11:14:11 PM,82.33,0,,
492,02/14/17 12:14:11 AM,82.508,0,,
493,02/14/17 01:14:11 AM,82.508,0,,
494,02/14/17 02:14:11 AM,82.508,0,,
495,02/14/17 03:14:11 AM,82.508,0,,
496,02/14/17 04:14:11 AM,82.152,0,,
497,02/14/17 05:14:11 AM,81.797,0,,
498,02/14/17 06:14:11 AM,81.797,0,,
499,02/14/17 07:14:11 AM,81.621,31,,
500,02/14/17 08:14:11 AM,81.797,91,,
501,02/14/17 09:14:11 AM,81.797,184,,
502,02/14/17 10:14:11 AM,81.975,256,,
503,02/14/17 11:14:11 AM,81.975,304,,
504,02/14/17 12:14:11 PM,82.33,288,,
505,02/14/17 01:14:11 PM,81.975,240,,
506,02/14/17 02:14:11 PM,81.975,160,,
507,02/14/17 03:14:11 PM,81.975,104,,
508,02/14/17 04:14:11 PM,82.152,53,,
509,02/14/17 05:14:11 PM,82.152,21,,
510,02/14/17 06:14:11 PM,81.975,2,,
511,02/14/17 07:14:11 PM,81.797,0,,
512,02/14/17 08:14:11 PM,81.797,0,,
513,02/14/17 09:14:11 PM,81.797,0,,
514,02/14/17 10:14:11 PM,81.797,0,,
515,02/14/17 11:14:11 PM,81.797,0,,
516,02/15/17 12:14:11 AM,81.975,0,,
517,02/15/17 01:14:11 AM,81.975,0,,
518,02/15/17 02:14:11 AM,81.975,0,,
519,02/15/17 03:14:11 AM,82.686,0,,
520,02/15/17 04:14:11 AM,82.686,0,,
521,02/15/17 05:14:11 AM,82.864,0,,
522,02/15/17 06:14:11 AM,82.864,0,,
523,02/15/17 07:14:11 AM,82.33,42,,
524,02/15/17 08:14:11 AM,82.152,121,,
525,02/15/17 09:14:11 AM,82.33,208,,
526,02/15/17 10:14:11 AM,82.33,352,,
527,02/15/17 11:14:11 AM,82.508,368,,
528,02/15/17 12:14:11 PM,82.686,304,,
529,02/15/17 01:14:11 PM,82.864,368,,
530,02/15/17 02:14:11 PM,82.508,576,,
531,02/15/17 03:14:11 PM,83.935,496,,
532,02/15/17 04:14:11 PM,83.935,224,,
533,02/15/17 05:14:11 PM,83.757,84,,
534,02/15/17 06:14:11 PM,83.757,7,,
535,02/15/17 07:14:11 PM,83.579,0,,
536,02/15/17 08:14:11 PM,83.579,0,,
537,02/15/17 09:14:11 PM,83.399,0,,
538,02/15/17 10:14:11 PM,83.221,0,,
539,02/15/17 11:14:11 PM,83.399,0,,
540,02/16/17 12:14:11 AM,83.221,0,,
541,02/16/17 01:14:11 AM,83.043,0,,
542,02/16/17 02:14:11 AM,82.864,0,,
543,02/16/17 03:14:11 AM,82.864,0,,
544,02/16/17 04:14:11 AM,83.043,0,,
545,02/16/17 05:14:11 AM,83.399,0,,
546,02/16/17 06:14:11 AM,83.221,0,,
547,02/16/17 07:14:11 AM,83.399,62,,
548,02/16/17 08:14:11 AM,83.399,200,,
549,02/16/17 09:14:11 AM,83.579,352,,
550,02/16/17 10:14:11 AM,83.757,672,,
551,02/16/17 11:14:11 AM,83.579,144,,
552,02/16/17 12:14:11 PM,83.579,114,,
553,02/16/17 01:14:11 PM,83.935,864,,
554,02/16/17 02:14:11 PM,83.935,320,,
555,02/16/17 03:14:11 PM,84.115,464,,
556,02/16/17 04:14:11 PM,83.935,192,,
557,02/16/17 05:14:11 PM,83.935,90,,
558,02/16/17 06:14:11 PM,83.935,8,,
559,02/16/17 07:14:11 PM,83.757,0,,
560,02/16/17 08:14:11 PM,83.757,0,,
561,02/16/17 09:14:11 PM,83.757,0,,
562,02/16/17 10:14:11 PM,83.757,0,,
563,02/16/17 11:14:11 PM,83.579,0,,
564,02/17/17 12:14:11 AM,83.399,0,,
565,02/17/17 01:14:11 AM,83.399,0,,
566,02/17/17 02:14:11 AM,83.221,0,,
567,02/17/17 03:14:11 AM,83.221,0,,
568,02/17/17 04:14:11 AM,83.221,0,,
569,02/17/17 05:14:11 AM,83.399,0,,
570,02/17/17 06:14:11 AM,83.579,0,,
571,02/17/17 07:14:11 AM,83.399,66,,
572,02/17/17 08:14:11 AM,83.579,256,,
573,02/17/17 09:14:11 AM,83.579,480,,
574,02/17/17 10:14:11 AM,83.757,576,,
575,02/17/17 11:14:11 AM,83.935,704,,
576,02/17/17 12:14:11 PM,83.935,608,,
577,02/17/17 01:14:11 PM,84.295,768,,
578,02/17/17 02:14:11 PM,84.115,672,,
579,02/17/17 03:14:11 PM,84.115,496,,
580,02/17/17 04:14:11 PM,84.115,272,,
581,02/17/17 05:14:11 PM,83.935,89,,
582,02/17/17 06:14:11 PM,83.935,10,,
583,02/17/17 07:14:11 PM,83.757,0,,
584,02/17/17 08:14:11 PM,83.757,0,,
585,02/17/17 09:14:11 PM,83.757,0,,
586,02/17/17 10:14:11 PM,83.579,0,,
587,02/17/17 11:14:11 PM,83.579,0,,
588,02/18/17 12:14:11 AM,83.579,0,,
589,02/18/17 01:14:11 AM,83.579,0,,
590,02/18/17 02:14:11 AM,83.399,0,,
591,02/18/17 03:14:11 AM,83.399,0,,
592,02/18/17 04:14:11 AM,83.221,0,,
593,02/18/17 05:14:11 AM,83.221,0,,
594,02/18/17 06:14:11 AM,83.399,0,,
595,02/18/17 07:14:11 AM,83.579,69,,
596,02/18/17 08:14:11 AM,83.399,256,,
597,02/18/17 09:14:11 AM,83.399,272,,
598,02/18/17 10:14:11 AM,83.579,496,,
599,02/18/17 11:14:11 AM,83.757,608,,
600,02/18/17 12:14:11 PM,83.757,512,,
601,02/18/17 01:14:11 PM,83.935,480,,
602,02/18/17 02:14:11 PM,84.115,272,,
603,02/18/17 03:14:11 PM,83.935,184,,
604,02/18/17 04:14:11 PM,83.757,136,,
605,02/18/17 05:14:11 PM,83.757,68,,
606,02/18/17 06:14:11 PM,83.579,5,,
607,02/18/17 07:14:11 PM,83.579,0,,
608,02/18/17 08:14:11 PM,83.757,0,,
609,02/18/17 09:14:11 PM,83.579,0,,
610,02/18/17 10:14:11 PM,83.579,0,,
611,02/18/17 11:14:11 PM,83.757,0,,
612,02/19/17 12:14:11 AM,83.579,0,,
613,02/19/17 01:14:11 AM,83.579,0,,
614,02/19/17 02:14:11 AM,83.579,0,,
615,02/19/17 03:14:11 AM,83.399,0,,
616,02/19/17 04:14:11 AM,83.221,0,,
617,02/19/17 05:14:11 AM,83.043,0,,
618,02/19/17 06:14:11 AM,83.043,0,,
619,02/19/17 07:14:11 AM,83.221,44,,
620,02/19/17 08:14:11 AM,83.399,144,,
621,02/19/17 09:14:11 AM,83.221,97,,
622,02/19/17 10:14:11 AM,83.221,45,,
623,02/19/17 11:14:11 AM,83.399,116,,
624,02/19/17 12:14:11 PM,83.399,208,,
625,02/19/17 01:14:11 PM,83.579,136,,
626,02/19/17 02:14:11 PM,83.399,81,,
627,02/19/17 03:14:11 PM,83.399,122,,
628,02/19/17 04:14:11 PM,83.221,110,,
629,02/19/17 05:14:11 PM,83.399,89,,
630,02/19/17 06:14:11 PM,83.221,3,,
631,02/19/17 07:14:11 PM,83.399,0,,
632,02/19/17 08:14:11 PM,83.399,0,,
633,02/19/17 09:14:11 PM,83.399,0,,
634,02/19/17 10:14:11 PM,83.399,0,,
635,02/19/17 11:14:11 PM,83.399,0,,
636,02/20/17 12:14:11 AM,83.399,0,,
637,02/20/17 01:14:11 AM,83.399,0,,
638,02/20/17 02:14:11 AM,83.221,0,,
639,02/20/17 03:14:11 AM,83.221,0,,
640,02/20/17 04:14:11 AM,83.221,0,,
641,02/20/17 05:14:11 AM,83.221,0,,
642,02/20/17 06:14:11 AM,83.399,0,,
643,02/20/17 07:14:11 AM,83.399,25,,
644,02/20/17 08:14:11 AM,83.579,69,,
645,02/20/17 09:14:11 AM,83.579,97,,
646,02/20/17 10:14:11 AM,83.579,152,,
647,02/20/17 11:14:11 AM,83.579,41,,
648,02/20/17 12:14:11 PM,83.579,39,,
649,02/20/17 01:14:11 PM,83.399,184,,
650,02/20/17 02:14:11 PM,83.399,224,,
651,02/20/17 03:14:11 PM,83.579,304,,
652,02/20/17 04:14:11 PM,83.579,136,,
653,02/20/17 05:14:11 PM,83.399,44,,
654,02/20/17 06:14:11 PM,83.221,1,,
655,02/20/17 07:14:11 PM,83.221,0,,
656,02/20/17 08:14:11 PM,83.221,0,,
657,02/20/17 09:14:11 PM,83.399,0,,
658,02/20/17 10:14:11 PM,83.399,0,,
659,02/20/17 11:14:11 PM,83.399,0,,
660,02/21/17 12:14:11 AM,83.399,0,,
661,02/21/17 01:14:11 AM,83.399,0,,
662,02/21/17 02:14:11 AM,83.221,0,,
663,02/21/17 03:14:11 AM,83.221,0,,
664,02/21/17 04:14:11 AM,83.221,0,,
665,02/21/17 05:14:11 AM,83.221,0,,
666,02/21/17 06:14:11 AM,83.043,0,,
667,02/21/17 07:14:11 AM,83.043,35,,
668,02/21/17 08:14:11 AM,83.221,272,,
669,02/21/17 09:14:11 AM,83.399,480,,
670,02/21/17 10:14:11 AM,83.399,608,,
671,02/21/17 11:14:11 AM,83.579,768,,
672,02/21/17 12:14:11 PM,83.757,768,,
673,02/21/17 01:14:11 PM,84.115,672,,
674,02/21/17 02:14:11 PM,83.935,91,,
675,02/21/17 03:14:11 PM,84.295,288,,
676,02/21/17 04:14:11 PM,83.935,176,,
677,02/21/17 05:14:11 PM,83.757,72,,
678,02/21/17 06:14:11 PM,83.757,6,,
679,02/21/17 07:14:11 PM,83.757,0,,
680,02/21/17 08:14:11 PM,83.757,0,,
681,02/21/17 09:14:11 PM,83.757,0,,
682,02/21/17 10:14:11 PM,83.757,0,,
683,02/21/17 11:14:11 PM,83.579,0,,
684,02/22/17 12:14:11 AM,83.579,0,,
685,02/22/17 01:14:11 AM,83.579,0,,
686,02/22/17 02:14:11 AM,83.579,0,,
687,02/22/17 03:14:11 AM,83.399,0,,
688,02/22/17 04:14:11 AM,83.399,0,,
689,02/22/17 05:14:11 AM,83.399,0,,
690,02/22/17 06:14:11 AM,83.399,0,,
691,02/22/17 07:14:11 AM,83.399,74,,
692,02/22/17 08:14:11 AM,83.399,176,,
693,02/22/17 09:14:11 AM,83.579,320,,
694,02/22/17 10:14:11 AM,83.757,480,,
695,02/22/17 11:14:11 AM,83.935,672,,
696,02/22/17 12:14:11 PM,84.115,672,,
697,02/22/17 01:14:11 PM,84.115,672,,
698,02/22/17 02:14:11 PM,84.295,480,,
699,02/22/17 03:14:11 PM,84.295,176,,
700,02/22/17 04:14:11 PM,83.935,144,,
701,02/22/17 05:14:11 PM,83.757,47,,
702,02/22/17 06:14:11 PM,83.579,2,,
703,02/22/17 07:14:11 PM,83.757,0,,
704,02/22/17 08:14:11 PM,83.757,0,,
705,02/22/17 09:14:11 PM,83.757,0,,
706,02/22/17 10:14:11 PM,83.221,0,,
707,02/22/17 11:14:11 PM,83.221,0,,
708,02/23/17 12:14:11 AM,83.221,0,,
709,02/23/17 01:14:11 AM,83.221,0,,
710,02/23/17 02:14:11 AM,83.221,0,,
711,02/23/17 03:14:11 AM,83.221,0,,
712,02/23/17 04:14:11 AM,83.043,0,,
713,02/23/17 05:14:11 AM,83.043,0,,
714,02/23/17 06:14:11 AM,83.043,0,,
715,02/23/17 07:14:11 AM,83.221,35,,
716,02/23/17 08:14:11 AM,83.221,126,,
717,02/23/17 09:14:11 AM,83.399,232,,
718,02/23/17 10:14:11 AM,83.399,184,,
719,02/23/17 11:14:11 AM,83.579,448,,
720,02/23/17 12:14:11 PM,83.757,480,,
721,02/23/17 01:14:11 PM,83.935,464,,
722,02/23/17 02:14:11 PM,84.115,432,,
723,02/23/17 03:14:11 PM,84.115,232,,
724,02/23/17 04:14:11 PM,83.935,118,,
725,02/23/17 05:14:11 PM,83.579,38,,
726,02/23/17 06:14:11 PM,83.579,2,,
727,02/23/17 07:14:11 PM,83.579,0,,
728,02/23/17 08:14:11 PM,83.579,0,,
729,02/23/17 09:14:11 PM,83.579,0,,
730,02/23/17 10:14:11 PM,83.399,0,,
731,02/23/17 11:14:11 PM,83.579,0,,
732,02/24/17 12:14:11 AM,83.757,0,,
733,02/24/17 01:14:11 AM,83.399,0,,
734,02/24/17 02:14:11 AM,83.399,0,,
735,02/24/17 03:14:11 AM,83.399,0,,
736,02/24/17 04:14:11 AM,83.221,0,,
737,02/24/17 05:14:11 AM,83.221,0,,
738,02/24/17 06:14:11 AM,83.221,0,,
739,02/24/17 07:14:11 AM,83.221,31,,
740,02/24/17 08:14:11 AM,83.399,128,,
741,02/24/17 09:14:11 AM,83.399,208,,
742,02/24/17 10:14:11 AM,83.579,304,,
743,02/24/17 11:14:11 AM,83.757,416,,
744,02/24/17 12:14:11 PM,83.757,304,,
745,02/24/17 01:14:11 PM,83.757,512,,
746,02/24/17 02:14:11 PM,83.935,576,,
747,02/24/17 03:14:11 PM,83.935,144,,
748,02/24/17 04:14:11 PM,83.935,152,,
749,02/24/17 05:14:11 PM,83.757,57,,
750,02/24/17 06:14:11 PM,83.757,4,,
751,02/24/17 07:14:11 PM,83.757,0,,
752,02/24/17 08:14:11 PM,83.757,0,,
753,02/24/17 09:14:11 PM,83.579,0,,
754,02/24/17 10:14:11 PM,83.579,0,,
755,02/24/17 11:14:11 PM,83.399,0,,
756,02/25/17 12:14:11 AM,83.399,0,,
757,02/25/17 01:14:11 AM,83.399,0,,
758,02/25/17 02:14:11 AM,83.221,0,,
759,02/25/17 03:14:11 AM,83.579,0,,
760,02/25/17 04:14:11 AM,83.579,0,,
761,02/25/17 05:14:11 AM,83.399,0,,
762,02/25/17 06:14:11 AM,83.399,0,,
763,02/25/17 07:14:11 AM,83.399,50,,
764,02/25/17 08:14:11 AM,83.399,144,,
765,02/25/17 09:14:11 AM,83.399,256,,
766,02/25/17 10:14:11 AM,83.579,432,,
767,02/25/17 11:14:11 AM,83.579,480,,
768,02/25/17 12:14:11 PM,83.399,117,,
769,02/25/17 01:14:11 PM,83.579,672,,
770,02/25/17 02:14:11 PM,83.935,512,,
771,02/25/17 03:14:11 PM,83.935,384,,
772,02/25/17 04:14:11 PM,83.935,136,,
773,02/25/17 05:14:11 PM,83.935,29,,
774,02/25/17 06:14:11 PM,83.757,3,,
775,02/25/17 07:14:11 PM,83.579,0,,
776,02/25/17 08:14:11 PM,83.579,0,,
777,02/25/17 09:14:11 PM,83.579,0,,
778,02/25/17 10:14:11 PM,83.399,0,,
779,02/25/17 11:14:11 PM,83.579,0,,
