#	"Date Time, GMT+05:00"	"Temp, °C (LGR S/N: 10998654, SEN S/N: 10998654)"	"Intensity, Lux (LGR S/N: 10998654, SEN S/N: 10998654)"
1	01/24/17 02:14:11 PM	31.574	0
2	01/24/17 02:14:21 PM		
3	01/24/17 03:14:11 PM	29.352	570.5
4	01/24/17 04:14:11 PM	27.764	947.2
5	01/24/17 05:14:11 PM	27.764	301.4
6	01/24/17 06:14:11 PM	27.665	10.8
7	01/24/17 07:14:11 PM	27.764	0
8	01/24/17 08:14:11 PM	27.764	0
9	01/24/17 09:14:11 PM	27.764	0
10	01/24/17 10:14:11 PM	27.764	0
11	01/24/17 11:14:11 PM	27.862	0
12	01/25/17 12:14:11 AM	27.764	0
13	01/25/17 01:14:11 AM	27.764	0
14	01/25/17 02:14:11 AM	27.764	0
15	01/25/17 03:14:11 AM	27.764	0
16	01/25/17 04:14:11 AM	27.764	0
17	01/25/17 05:14:11 AM	27.764	0
18	01/25/17 06:14:11 AM	27.764	0
19	01/25/17 07:14:11 AM	27.764	495.1
20	01/25/17 08:14:11 AM	27.862	1001
21	01/25/17 09:14:11 AM	27.862	1980.6
22	01/25/17 10:14:11 AM	27.862	2927.8
23	01/25/17 11:14:11 AM	27.961	3961.1
24	01/25/17 12:14:11 PM	27.862	3272.2
25	01/25/17 01:14:11 PM	28.06	850.4
26	01/25/17 02:14:11 PM	27.862	2152.8
27	01/25/17 03:14:11 PM	27.961	1141
28	01/25/17 04:14:11 PM	27.961	635.1
29	01/25/17 05:14:11 PM	28.06	247.6
30	01/25/17 06:14:11 PM	27.862	0
31	01/25/17 07:14:11 PM	28.06	0
32	01/25/17 08:14:11 PM	27.961	0
33	01/25/17 09:14:11 PM	28.06	0
34	01/25/17 10:14:11 PM	28.159	0
35	01/25/17 11:14:11 PM	28.06	0
36	01/26/17 12:14:11 AM	28.06	0
37	01/26/17 01:14:11 AM	28.357	0
38	01/26/17 02:14:11 AM	28.06	0
39	01/26/17 03:14:11 AM	28.06	0
40	01/26/17 04:14:11 AM	28.06	0
41	01/26/17 05:14:11 AM	28.06	0
42	01/26/17 06:14:11 AM	28.06	0
43	01/26/17 07:14:11 AM	28.159	0
44	01/26/17 08:14:11 AM	28.159	75.3
45	01/26/17 09:14:11 AM	28.159	150.7
46	01/26/17 10:14:11 AM	28.159	527.4
47	01/26/17 11:14:11 AM	28.159	398.3
48	01/26/17 12:14:11 PM	28.06	1205.6
49	01/26/17 01:14:11 PM	28.06	818.1
50	01/26/17 02:14:11 PM	28.06	1119.5
51	01/26/17 03:14:11 PM	28.06	527.4
52	01/26/17 04:14:11 PM	27.961	279.9
53	01/26/17 05:14:11 PM	28.06	247.6
54	01/26/17 06:14:11 PM	28.06	0
55	01/26/17 07:14:11 PM	28.06	0
56	01/26/17 08:14:11 PM	28.06	0
57	01/26/17 09:14:11 PM	28.06	0
58	01/26/17 10:14:11 PM	28.06	0
59	01/26/17 11:14:11 PM	28.06	0
60	01/27/17 12:14:11 AM	28.06	0
61	01/27/17 01:14:11 AM	28.06	0
62	01/27/17 02:14:11 AM	28.06	0
63	01/27/17 03:14:11 AM	28.06	0
64	01/27/17 04:14:11 AM	28.06	0
65	01/27/17 05:14:11 AM	28.06	0
66	01/27/17 06:14:11 AM	28.06	0
67	01/27/17 07:14:11 AM	28.159	150.7
68	01/27/17 08:14:11 AM	28.159	592
69	01/27/17 09:14:11 AM	28.159	1980.6
70	01/27/17 10:14:11 AM	28.258	2411.1
71	01/27/17 11:14:11 AM	28.258	4994.5
72	01/27/17 12:14:11 PM	28.357	4133.4
73	01/27/17 01:14:11 PM	28.258	3616.7
74	01/27/17 02:14:11 PM	28.159	2755.6
75	01/27/17 03:14:11 PM	28.357	1636.1
76	01/27/17 04:14:11 PM	28.357	796.5
77	01/27/17 05:14:11 PM	28.456	344.4
78	01/27/17 06:14:11 PM	28.456	21.5
79	01/27/17 07:14:11 PM	28.357	0
80	01/27/17 08:14:11 PM	28.357	0
81	01/27/17 09:14:11 PM	28.456	0
82	01/27/17 10:14:11 PM	28.456	0
83	01/27/17 11:14:11 PM	28.159	0
84	01/28/17 12:14:11 AM	28.258	0
85	01/28/17 01:14:11 AM	27.961	0
86	01/28/17 02:14:11 AM	28.06	0
87	01/28/17 03:14:11 AM	28.258	0
88	01/28/17 04:14:11 AM	27.961	0
89	01/28/17 05:14:11 AM	27.961	0
90	01/28/17 06:14:11 AM	28.06	0
91	01/28/17 07:14:11 AM	28.06	86.1
92	01/28/17 08:14:11 AM	28.06	635.1
93	01/28/17 09:14:11 AM	28.06	818.1
94	01/28/17 10:14:11 AM	28.06	1054.9
95	01/28/17 11:14:11 AM	28.06	1636.1
96	01/28/17 12:14:11 PM	28.159	1184
97	01/28/17 01:14:11 PM	28.159	2583.4
98	01/28/17 02:14:11 PM	28.258	1291.7
99	01/28/17 03:14:11 PM	28.258	2669.5
100	01/28/17 04:14:11 PM	28.258	775
101	01/28/17 05:14:11 PM	28.258	430.6
102	01/28/17 06:14:11 PM	28.258	10.8
103	01/28/17 07:14:11 PM	28.258	0
104	01/28/17 08:14:11 PM	28.258	0
105	01/28/17 09:14:11 PM	28.258	0
106	01/28/17 10:14:11 PM	28.258	0
107	01/28/17 11:14:11 PM	28.159	0
108	01/29/17 12:14:11 AM	28.06	0
109	01/29/17 01:14:11 AM	28.06	0
110	01/29/17 02:14:11 AM	28.159	0
111	01/29/17 03:14:11 AM	28.258	0
112	01/29/17 04:14:11 AM	28.258	0
113	01/29/17 05:14:11 AM	28.357	0
114	01/29/17 06:14:11 AM	28.258	0
115	01/29/17 07:14:11 AM	28.06	355.2
116	01/29/17 08:14:11 AM	28.159	775
117	01/29/17 09:14:11 AM	28.159	1463.9
118	01/29/17 10:14:11 AM	28.258	2927.8
119	01/29/17 11:14:11 AM	28.357	4133.4
120	01/29/17 12:14:11 PM	28.258	861.1
121	01/29/17 01:14:11 PM	28.456	4994.5
122	01/29/17 02:14:11 PM	28.456	3961.1
123	01/29/17 03:14:11 PM	28.555	2927.8
124	01/29/17 04:14:11 PM	28.456	1377.8
125	01/29/17 05:14:11 PM	28.456	452.1
126	01/29/17 06:14:11 PM	28.357	32.3
127	01/29/17 07:14:11 PM	28.456	0
128	01/29/17 08:14:11 PM	28.456	0
129	01/29/17 09:14:11 PM	28.456	0
130	01/29/17 10:14:11 PM	28.456	0
131	01/29/17 11:14:11 PM	28.357	0
132	01/30/17 12:14:11 AM	28.456	0
133	01/30/17 01:14:11 AM	28.357	0
134	01/30/17 02:14:11 AM	28.357	0
135	01/30/17 03:14:11 AM	28.357	0
136	01/30/17 04:14:11 AM	28.258	0
137	01/30/17 05:14:11 AM	28.258	0
138	01/30/17 06:14:11 AM	28.258	0
139	01/30/17 07:14:11 AM	28.258	290.6
140	01/30/17 08:14:11 AM	28.258	1980.6
141	01/30/17 09:14:11 AM	28.357	3100
142	01/30/17 10:14:11 AM	28.357	2066.7
143	01/30/17 11:14:11 AM	28.456	2152.8
144	01/30/17 12:14:11 PM	28.456	1894.5
145	01/30/17 01:14:11 PM	28.357	2755.6
146	01/30/17 02:14:11 PM	28.357	2669.5
147	01/30/17 03:14:11 PM	28.258	2238.9
148	01/30/17 04:14:11 PM	28.456	2411.1
149	01/30/17 05:14:11 PM	28.456	699.7
150	01/30/17 06:14:11 PM	28.456	32.3
151	01/30/17 07:14:11 PM	28.456	0
152	01/30/17 08:14:11 PM	28.357	0
153	01/30/17 09:14:11 PM	28.456	0
154	01/30/17 10:14:11 PM	28.357	0
155	01/30/17 11:14:11 PM	28.357	0
156	01/31/17 12:14:11 AM	28.357	0
157	01/31/17 01:14:11 AM	28.258	0
158	01/31/17 02:14:11 AM	28.258	0
159	01/31/17 03:14:11 AM	28.258	0
160	01/31/17 04:14:11 AM	28.258	0
161	01/31/17 05:14:11 AM	28.258	0
162	01/31/17 06:14:11 AM	28.258	0
163	01/31/17 07:14:11 AM	28.258	559.7
164	01/31/17 08:14:11 AM	28.258	1894.5
165	01/31/17 09:14:11 AM	28.258	1054.9
166	01/31/17 10:14:11 AM	28.357	5511.1
167	01/31/17 11:14:11 AM	28.456	6200
168	01/31/17 12:14:11 PM	28.456	6200
169	01/31/17 01:14:11 PM	27.862	5166.7
170	01/31/17 02:14:11 PM	28.357	4822.3
171	01/31/17 03:14:11 PM	27.961	3272.2
172	01/31/17 04:14:11 PM	28.159	1636.1
173	01/31/17 05:14:11 PM	28.159	645.8
174	01/31/17 06:14:11 PM	28.06	43.1
175	01/31/17 07:14:11 PM	28.06	0
176	01/31/17 08:14:11 PM	28.159	0
177	01/31/17 09:14:11 PM	28.159	0
178	01/31/17 10:14:11 PM	28.159	0
179	01/31/17 11:14:11 PM	28.159	0
180	02/01/2017 00:14	28.258	0
181	02/01/2017 01:14	28.06	0
182	02/01/2017 02:14	28.06	0
183	02/01/2017 03:14	28.159	0
184	02/01/2017 04:14	28.258	0
185	02/01/2017 05:14	28.258	0
186	02/01/2017 06:14	28.159	0
187	02/01/2017 07:14	27.961	290.6
188	02/01/2017 08:14	28.06	1173.3
189	02/01/2017 09:14	28.06	2755.6
190	02/01/2017 10:14	28.159	4133.4
191	02/01/2017 11:14	28.258	5166.7
192	02/01/2017 12:14	28.258	5166.7
193	02/01/2017 13:14	28.159	4305.6
194	02/01/2017 14:14	28.159	2927.8
195	02/01/2017 15:14	28.159	2152.8
196	02/01/2017 16:14	28.754	1894.5
197	02/01/2017 17:14	28.456	1194.8
198	02/01/2017 18:14	28.456	53.8
199	02/01/2017 19:14	28.357	0
200	02/01/2017 20:14	28.159	0
201	02/01/2017 21:14	28.159	0
202	02/01/2017 22:14	28.258	0
203	02/01/2017 23:14	28.159	0
204	02/02/2017 00:14	28.159	0
205	02/02/2017 01:14	28.159	0
206	02/02/2017 02:14	28.159	0
207	02/02/2017 03:14	28.159	0
208	02/02/2017 04:14	28.258	0
209	02/02/2017 05:14	28.357	0
210	02/02/2017 06:14	28.258	0
211	02/02/2017 07:14	28.258	495.1
212	02/02/2017 08:14	28.258	871.9
213	02/02/2017 09:14	28.258	3100
214	02/02/2017 10:14	28.258	2238.9
215	02/02/2017 11:14	28.258	5511.1
216	02/02/2017 12:14	28.357	5511.1
217	02/02/2017 13:14	28.357	5338.9
218	02/02/2017 14:14	28.258	344.4
219	02/02/2017 15:14	28.258	2238.9
220	02/02/2017 16:14	28.754	1463.9
221	02/02/2017 17:14	28.456	635.1
222	02/02/2017 18:14	28.655	75.3
223	02/02/2017 19:14	28.754	0
224	02/02/2017 20:14	28.754	0
225	02/02/2017 21:14	28.655	0
226	02/02/2017 22:14	28.456	0
227	02/02/2017 23:14	28.456	0
228	02/03/2017 00:14	28.357	0
229	02/03/2017 01:14	28.357	0
230	02/03/2017 02:14	28.159	0
231	02/03/2017 03:14	28.357	0
232	02/03/2017 04:14	28.258	0
233	02/03/2017 05:14	28.357	0
234	02/03/2017 06:14	28.357	0
235	02/03/2017 07:14	28.258	645.8
236	02/03/2017 08:14	28.258	2066.7
237	02/03/2017 09:14	28.258	4133.4
238	02/03/2017 10:14	28.357	5166.7
239	02/03/2017 11:14	28.258	5338.9
240	02/03/2017 12:14	28.357	6200
241	02/03/2017 13:14	28.258	5166.7
242	02/03/2017 14:14	28.357	3272.2
243	02/03/2017 15:14	28.357	2152.8
244	02/03/2017 16:14	28.655	1550
245	02/03/2017 17:14	28.456	721.2
246	02/03/2017 18:14	28.357	64.6
247	02/03/2017 19:14	28.258	0
248	02/03/2017 20:14	28.258	0
249	02/03/2017 21:14	28.159	0
250	02/03/2017 22:14	28.159	0
251	02/03/2017 23:14	28.06	0
252	02/04/2017 00:14	27.961	0
253	02/04/2017 01:14	27.961	0
254	02/04/2017 02:14	27.961	0
255	02/04/2017 03:14	27.862	0
256	02/04/2017 04:14	27.665	0
257	02/04/2017 05:14	27.764	0
258	02/04/2017 06:14	27.665	0
259	02/04/2017 07:14	27.862	462.9
260	02/04/2017 08:14	27.764	1377.8
261	02/04/2017 09:14	27.764	2411.1
262	02/04/2017 10:14	27.862	3272.2
263	02/04/2017 11:14	27.862	3272.2
264	02/04/2017 12:14	27.961	3616.7
265	02/04/2017 13:14	27.862	3444.5
266	02/04/2017 14:14	27.862	1894.5
267	02/04/2017 15:14	27.862	1808.3
268	02/04/2017 16:14	27.862	1087.2
269	02/04/2017 17:14	28.357	785.8
270	02/04/2017 18:14	28.357	43.1
271	02/04/2017 19:14	28.159	0
272	02/04/2017 20:14	28.159	0
273	02/04/2017 21:14	28.06	0
274	02/04/2017 22:14	28.06	0
275	02/04/2017 23:14	28.06	0
276	02/05/2017 00:14	27.961	0
277	02/05/2017 01:14	27.764	0
278	02/05/2017 02:14	27.862	0
279	02/05/2017 03:14	27.764	0
280	02/05/2017 04:14	27.764	0
281	02/05/2017 05:14	27.764	0
282	02/05/2017 06:14	27.764	0
283	02/05/2017 07:14	27.862	355.2
284	02/05/2017 08:14	27.862	1259.4
285	02/05/2017 09:14	27.862	1894.5
286	02/05/2017 10:14	27.862	2755.6
287	02/05/2017 11:14	27.862	3100
288	02/05/2017 12:14	27.961	3616.7
289	02/05/2017 13:14	27.961	2755.6
290	02/05/2017 14:14	27.961	1980.6
291	02/05/2017 15:14	27.862	2066.7
292	02/05/2017 16:14	27.862	1270.1
293	02/05/2017 17:14	28.159	602.8
294	02/05/2017 18:14	27.961	43.1
295	02/05/2017 19:14	28.06	0
296	02/05/2017 20:14	28.06	0
297	02/05/2017 21:14	28.06	0
298	02/05/2017 22:14	28.06	0
299	02/05/2017 23:14	27.961	0
300	02/06/2017 00:14	27.862	0
301	02/06/2017 01:14	27.764	0
302	02/06/2017 02:14	27.764	0
303	02/06/2017 03:14	27.764	0
304	02/06/2017 04:14	27.764	0
305	02/06/2017 05:14	27.764	0
306	02/06/2017 06:14	27.764	0
307	02/06/2017 07:14	27.665	247.6
308	02/06/2017 08:14	27.862	452.1
309	02/06/2017 09:14	27.764	1184
310	02/06/2017 10:14	27.862	1808.3
311	02/06/2017 11:14	27.961	2152.8
312	02/06/2017 12:14	27.862	2497.2
313	02/06/2017 13:14	27.862	2152.8
314	02/06/2017 14:14	27.862	1636.1
315	02/06/2017 15:14	27.862	1377.8
316	02/06/2017 16:14	27.862	742.7
317	02/06/2017 17:14	27.862	333.7
318	02/06/2017 18:14	27.764	32.3
319	02/06/2017 19:14	27.764	0
320	02/06/2017 20:14	27.764	0
321	02/06/2017 21:14	27.764	0
322	02/06/2017 22:14	27.961	0
323	02/06/2017 23:14	27.764	0
324	02/07/2017 00:14	27.862	0
325	02/07/2017 01:14	27.862	0
326	02/07/2017 02:14	27.862	0
327	02/07/2017 03:14	27.862	0
328	02/07/2017 04:14	27.862	0
329	02/07/2017 05:14	27.862	0
330	02/07/2017 06:14	27.961	0
331	02/07/2017 07:14	27.961	312.2
332	02/07/2017 08:14	27.961	958
333	02/07/2017 09:14	27.961	1980.6
334	02/07/2017 10:14	28.06	3272.2
335	02/07/2017 11:14	28.06	1980.6
336	02/07/2017 12:14	28.06	4994.5
337	02/07/2017 13:14	28.159	3616.7
338	02/07/2017 14:14	28.159	3272.2
339	02/07/2017 15:14	28.06	1808.3
340	02/07/2017 16:14	28.06	1054.9
341	02/07/2017 17:14	28.06	409
342	02/07/2017 18:14	28.06	21.5
343	02/07/2017 19:14	28.06	0
344	02/07/2017 20:14	28.06	0
345	02/07/2017 21:14	28.06	0
346	02/07/2017 22:14	28.06	0
347	02/07/2017 23:14	28.06	0
348	02/08/2017 00:14	28.159	0
349	02/08/2017 01:14	28.06	0
350	02/08/2017 02:14	28.06	0
351	02/08/2017 03:14	28.06	0
352	02/08/2017 04:14	28.06	0
353	02/08/2017 05:14	28.06	0
354	02/08/2017 06:14	28.06	0
355	02/08/2017 07:14	28.06	344.4
356	02/08/2017 08:14	28.06	742.7
357	02/08/2017 09:14	28.159	1636.1
358	02/08/2017 10:14	28.159	4477.8
359	02/08/2017 11:14	28.258	4994.5
360	02/08/2017 12:14	28.456	5338.9
361	02/08/2017 13:14	28.456	4822.3
362	02/08/2017 14:14	28.456	3616.7
363	02/08/2017 15:14	28.258	2411.1
364	02/08/2017 16:14	28.258	1184
365	02/08/2017 17:14	28.159	387.5
366	02/08/2017 18:14	28.159	21.5
367	02/08/2017 19:14	28.159	0
368	02/08/2017 20:14	28.159	0
369	02/08/2017 21:14	28.159	0
370	02/08/2017 22:14	28.159	0
371	02/08/2017 23:14	28.456	0
372	02/09/2017 00:14	28.357	0
373	02/09/2017 01:14	28.357	0
374	02/09/2017 02:14	28.357	0
375	02/09/2017 03:14	28.357	0
376	02/09/2017 04:14	28.258	0
377	02/09/2017 05:14	28.258	0
378	02/09/2017 06:14	28.159	0
379	02/09/2017 07:14	28.159	290.6
380	02/09/2017 08:14	28.159	688.9
381	02/09/2017 09:14	28.159	1722.2
382	02/09/2017 10:14	28.258	2583.4
383	02/09/2017 11:14	28.456	4477.8
384	02/09/2017 12:14	28.456	4477.8
385	02/09/2017 13:14	28.555	4305.6
386	02/09/2017 14:14	28.655	3100
387	02/09/2017 15:14	28.555	1463.9
388	02/09/2017 16:14	28.357	968.8
389	02/09/2017 17:14	28.456	516.7
390	02/09/2017 18:14	28.357	21.5
391	02/09/2017 19:14	28.258	0
392	02/09/2017 20:14	28.456	0
393	02/09/2017 21:14	28.357	0
394	02/09/2017 22:14	28.357	0
395	02/09/2017 23:14	28.258	0
396	02/10/2017 00:14	28.456	0
397	02/10/2017 01:14	28.357	0
398	02/10/2017 02:14	28.258	0
399	02/10/2017 03:14	28.258	0
400	02/10/2017 04:14	28.258	0
401	02/10/2017 05:14	28.258	0
402	02/10/2017 06:14	28.159	0
403	02/10/2017 07:14	28.159	290.6
404	02/10/2017 08:14	28.258	828.8
405	02/10/2017 09:14	28.258	1377.8
406	02/10/2017 10:14	28.258	2325
407	02/10/2017 11:14	28.357	3444.5
408	02/10/2017 12:14	28.655	9644.5
409	02/10/2017 13:14	28.754	9300.1
410	02/10/2017 14:14	28.754	6200
411	02/10/2017 15:14	28.754	3961.1
412	02/10/2017 16:14	28.655	1894.5
413	02/10/2017 17:14	28.655	710.4
414	02/10/2017 18:14	28.555	53.8
415	02/10/2017 19:14	28.357	0
416	02/10/2017 20:14	28.357	0
417	02/10/2017 21:14	28.357	0
418	02/10/2017 22:14	28.357	0
419	02/10/2017 23:14	28.357	0
420	02/11/2017 00:14	28.357	0
421	02/11/2017 01:14	28.357	0
422	02/11/2017 02:14	28.456	0
423	02/11/2017 03:14	28.357	0
424	02/11/2017 04:14	28.357	0
425	02/11/2017 05:14	28.357	0
426	02/11/2017 06:14	28.357	0
427	02/11/2017 07:14	28.258	452.1
428	02/11/2017 08:14	28.357	1248.6
429	02/11/2017 09:14	28.357	2411.1
430	02/11/2017 10:14	28.456	3788.9
431	02/11/2017 11:14	28.456	4822.3
432	02/11/2017 12:14	28.456	4994.5
433	02/11/2017 13:14	28.456	3961.1
434	02/11/2017 14:14	28.655	3961.1
435	02/11/2017 15:14	28.655	2755.6
436	02/11/2017 16:14	28.655	2066.7
437	02/11/2017 17:14	28.655	807.3
438	02/11/2017 18:14	28.655	53.8
439	02/11/2017 19:14	28.555	0
440	02/11/2017 20:14	28.456	0
441	02/11/2017 21:14	28.456	0
442	02/11/2017 22:14	28.456	0
443	02/11/2017 23:14	28.456	0
444	02/12/2017 00:14	28.456	0
445	02/12/2017 01:14	28.258	0
446	02/12/2017 02:14	28.258	0
447	02/12/2017 03:14	28.258	0
448	02/12/2017 04:14	28.258	0
449	02/12/2017 05:14	28.258	0
450	02/12/2017 06:14	28.258	0
451	02/12/2017 07:14	28.159	226
452	02/12/2017 08:14	28.159	925.7
453	02/12/2017 09:14	28.159	1894.5
454	02/12/2017 10:14	28.258	2927.8
455	02/12/2017 11:14	28.258	3444.5
456	02/12/2017 12:14	28.258	3272.2
457	02/12/2017 13:14	28.456	3788.9
458	02/12/2017 14:14	28.655	5338.9
459	02/12/2017 15:14	28.655	3961.1
460	02/12/2017 16:14	28.555	1722.2
461	02/12/2017 17:14	28.456	764.2
462	02/12/2017 18:14	28.357	64.6
463	02/12/2017 19:14	28.258	0
464	02/12/2017 20:14	28.258	0
465	02/12/2017 21:14	28.159	0
466	02/12/2017 22:14	28.06	0
467	02/12/2017 23:14	28.06	0
468	02/13/17 12:14:11 AM	27.961	0
469	02/13/17 01:14:11 AM	28.06	0
470	02/13/17 02:14:11 AM	28.06	0
471	02/13/17 03:14:11 AM	28.159	0
472	02/13/17 04:14:11 AM	28.258	0
473	02/13/17 05:14:11 AM	28.258	0
474	02/13/17 06:14:11 AM	28.258	0
475	02/13/17 07:14:11 AM	28.06	495.1
476	02/13/17 08:14:11 AM	28.06	1550
477	02/13/17 09:14:11 AM	28.06	3100
478	02/13/17 10:14:11 AM	28.159	4305.6
479	02/13/17 11:14:11 AM	28.06	4133.4
480	02/13/17 12:14:11 PM	27.961	3100
481	02/13/17 01:14:11 PM	28.06	3444.5
482	02/13/17 02:14:11 PM	28.655	6200
483	02/13/17 03:14:11 PM	28.555	3616.7
484	02/13/17 04:14:11 PM	28.555	1894.5
485	02/13/17 05:14:11 PM	28.456	775
486	02/13/17 06:14:11 PM	28.357	43.1
487	02/13/17 07:14:11 PM	28.258	0
488	02/13/17 08:14:11 PM	28.159	0
489	02/13/17 09:14:11 PM	28.06	0
490	02/13/17 10:14:11 PM	28.06	0
491	02/13/17 11:14:11 PM	27.961	0
492	02/14/17 12:14:11 AM	28.06	0
493	02/14/17 01:14:11 AM	28.06	0
494	02/14/17 02:14:11 AM	28.06	0
495	02/14/17 03:14:11 AM	28.06	0
496	02/14/17 04:14:11 AM	27.862	0
497	02/14/17 05:14:11 AM	27.665	0
498	02/14/17 06:14:11 AM	27.665	0
499	02/14/17 07:14:11 AM	27.567	333.7
500	02/14/17 08:14:11 AM	27.665	979.5
501	02/14/17 09:14:11 AM	27.665	1980.6
502	02/14/17 10:14:11 AM	27.764	2755.6
503	02/14/17 11:14:11 AM	27.764	3272.2
504	02/14/17 12:14:11 PM	27.961	3100
505	02/14/17 01:14:11 PM	27.764	2583.4
506	02/14/17 02:14:11 PM	27.764	1722.2
507	02/14/17 03:14:11 PM	27.764	1119.5
508	02/14/17 04:14:11 PM	27.862	570.5
509	02/14/17 05:14:11 PM	27.862	226
510	02/14/17 06:14:11 PM	27.764	21.5
511	02/14/17 07:14:11 PM	27.665	0
512	02/14/17 08:14:11 PM	27.665	0
513	02/14/17 09:14:11 PM	27.665	0
514	02/14/17 10:14:11 PM	27.665	0
515	02/14/17 11:14:11 PM	27.665	0
516	02/15/17 12:14:11 AM	27.764	0
517	02/15/17 01:14:11 AM	27.764	0
518	02/15/17 02:14:11 AM	27.764	0
519	02/15/17 03:14:11 AM	28.159	0
520	02/15/17 04:14:11 AM	28.159	0
521	02/15/17 05:14:11 AM	28.258	0
522	02/15/17 06:14:11 AM	28.258	0
523	02/15/17 07:14:11 AM	27.961	452.1
524	02/15/17 08:14:11 AM	27.862	1302.4
525	02/15/17 09:14:11 AM	27.961	2238.9
526	02/15/17 10:14:11 AM	27.961	3788.9
527	02/15/17 11:14:11 AM	28.06	3961.1
528	02/15/17 12:14:11 PM	28.159	3272.2
529	02/15/17 01:14:11 PM	28.258	3961.1
530	02/15/17 02:14:11 PM	28.06	6200
531	02/15/17 03:14:11 PM	28.853	5338.9
532	02/15/17 04:14:11 PM	28.853	2411.1
533	02/15/17 05:14:11 PM	28.754	904.2
534	02/15/17 06:14:11 PM	28.754	75.3
535	02/15/17 07:14:11 PM	28.655	0
536	02/15/17 08:14:11 PM	28.655	0
537	02/15/17 09:14:11 PM	28.555	0
538	02/15/17 10:14:11 PM	28.456	0
539	02/15/17 11:14:11 PM	28.555	0
540	02/16/17 12:14:11 AM	28.456	0
541	02/16/17 01:14:11 AM	28.357	0
542	02/16/17 02:14:11 AM	28.258	0
543	02/16/17 03:14:11 AM	28.258	0
544	02/16/17 04:14:11 AM	28.357	0
545	02/16/17 05:14:11 AM	28.555	0
546	02/16/17 06:14:11 AM	28.456	0
547	02/16/17 07:14:11 AM	28.555	667.4
548	02/16/17 08:14:11 AM	28.555	2152.8
549	02/16/17 09:14:11 AM	28.655	3788.9
550	02/16/17 10:14:11 AM	28.754	7233.4
551	02/16/17 11:14:11 AM	28.655	1550
552	02/16/17 12:14:11 PM	28.655	1227.1
553	02/16/17 01:14:11 PM	28.853	9300.1
554	02/16/17 02:14:11 PM	28.853	3444.5
555	02/16/17 03:14:11 PM	28.953	4994.5
556	02/16/17 04:14:11 PM	28.853	2066.7
557	02/16/17 05:14:11 PM	28.853	968.8
558	02/16/17 06:14:11 PM	28.853	86.1
559	02/16/17 07:14:11 PM	28.754	0
560	02/16/17 08:14:11 PM	28.754	0
561	02/16/17 09:14:11 PM	28.754	0
562	02/16/17 10:14:11 PM	28.754	0
563	02/16/17 11:14:11 PM	28.655	0
564	02/17/17 12:14:11 AM	28.555	0
565	02/17/17 01:14:11 AM	28.555	0
566	02/17/17 02:14:11 AM	28.456	0
567	02/17/17 03:14:11 AM	28.456	0
568	02/17/17 04:14:11 AM	28.456	0
569	02/17/17 05:14:11 AM	28.555	0
570	02/17/17 06:14:11 AM	28.655	0
571	02/17/17 07:14:11 AM	28.555	710.4
572	02/17/17 08:14:11 AM	28.655	2755.6
573	02/17/17 09:14:11 AM	28.655	5166.7
574	02/17/17 10:14:11 AM	28.754	6200
575	02/17/17 11:14:11 AM	28.853	7577.8
576	02/17/17 12:14:11 PM	28.853	6544.5
577	02/17/17 01:14:11 PM	29.053	8266.7
578	02/17/17 02:14:11 PM	28.953	7233.4
579	02/17/17 03:14:11 PM	28.953	5338.9
580	02/17/17 04:14:11 PM	28.953	2927.8
581	02/17/17 05:14:11 PM	28.853	958
582	02/17/17 06:14:11 PM	28.853	107.6
583	02/17/17 07:14:11 PM	28.754	0
584	02/17/17 08:14:11 PM	28.754	0
585	02/17/17 09:14:11 PM	28.754	0
586	02/17/17 10:14:11 PM	28.655	0
587	02/17/17 11:14:11 PM	28.655	0
588	02/18/17 12:14:11 AM	28.655	0
589	02/18/17 01:14:11 AM	28.655	0
590	02/18/17 02:14:11 AM	28.555	0
591	02/18/17 03:14:11 AM	28.555	0
592	02/18/17 04:14:11 AM	28.456	0
593	02/18/17 05:14:11 AM	28.456	0
594	02/18/17 06:14:11 AM	28.555	0
595	02/18/17 07:14:11 AM	28.655	742.7
596	02/18/17 08:14:11 AM	28.555	2755.6
597	02/18/17 09:14:11 AM	28.555	2927.8
598	02/18/17 10:14:11 AM	28.655	5338.9
599	02/18/17 11:14:11 AM	28.754	6544.5
600	02/18/17 12:14:11 PM	28.754	5511.1
601	02/18/17 01:14:11 PM	28.853	5166.7
602	02/18/17 02:14:11 PM	28.953	2927.8
603	02/18/17 03:14:11 PM	28.853	1980.6
604	02/18/17 04:14:11 PM	28.754	1463.9
605	02/18/17 05:14:11 PM	28.754	731.9
606	02/18/17 06:14:11 PM	28.655	53.8
607	02/18/17 07:14:11 PM	28.655	0
608	02/18/17 08:14:11 PM	28.754	0
609	02/18/17 09:14:11 PM	28.655	0
610	02/18/17 10:14:11 PM	28.655	0
611	02/18/17 11:14:11 PM	28.754	0
612	02/19/17 12:14:11 AM	28.655	0
613	02/19/17 01:14:11 AM	28.655	0
614	02/19/17 02:14:11 AM	28.655	0
615	02/19/17 03:14:11 AM	28.555	0
616	02/19/17 04:14:11 AM	28.456	0
617	02/19/17 05:14:11 AM	28.357	0
618	02/19/17 06:14:11 AM	28.357	0
619	02/19/17 07:14:11 AM	28.456	473.6
620	02/19/17 08:14:11 AM	28.555	1550
621	02/19/17 09:14:11 AM	28.456	1044.1
622	02/19/17 10:14:11 AM	28.456	484.4
623	02/19/17 11:14:11 AM	28.555	1248.6
624	02/19/17 12:14:11 PM	28.555	2238.9
625	02/19/17 01:14:11 PM	28.655	1463.9
626	02/19/17 02:14:11 PM	28.555	871.9
627	02/19/17 03:14:11 PM	28.555	1313.2
628	02/19/17 04:14:11 PM	28.456	1184
629	02/19/17 05:14:11 PM	28.555	958
630	02/19/17 06:14:11 PM	28.456	32.3
631	02/19/17 07:14:11 PM	28.555	0
632	02/19/17 08:14:11 PM	28.555	0
633	02/19/17 09:14:11 PM	28.555	0
634	02/19/17 10:14:11 PM	28.555	0
635	02/19/17 11:14:11 PM	28.555	0
636	02/20/17 12:14:11 AM	28.555	0
637	02/20/17 01:14:11 AM	28.555	0
638	02/20/17 02:14:11 AM	28.456	0
639	02/20/17 03:14:11 AM	28.456	0
640	02/20/17 04:14:11 AM	28.456	0
641	02/20/17 05:14:11 AM	28.456	0
642	02/20/17 06:14:11 AM	28.555	0
643	02/20/17 07:14:11 AM	28.555	269.1
644	02/20/17 08:14:11 AM	28.655	742.7
645	02/20/17 09:14:11 AM	28.655	1044.1
646	02/20/17 10:14:11 AM	28.655	1636.1
647	02/20/17 11:14:11 AM	28.655	441.3
648	02/20/17 12:14:11 PM	28.655	419.8
649	02/20/17 01:14:11 PM	28.555	1980.6
650	02/20/17 02:14:11 PM	28.555	2411.1
651	02/20/17 03:14:11 PM	28.655	3272.2
652	02/20/17 04:14:11 PM	28.655	1463.9
653	02/20/17 05:14:11 PM	28.555	473.6
654	02/20/17 06:14:11 PM	28.456	10.8
655	02/20/17 07:14:11 PM	28.456	0
656	02/20/17 08:14:11 PM	28.456	0
657	02/20/17 09:14:11 PM	28.555	0
658	02/20/17 10:14:11 PM	28.555	0
659	02/20/17 11:14:11 PM	28.555	0
660	02/21/17 12:14:11 AM	28.555	0
661	02/21/17 01:14:11 AM	28.555	0
662	02/21/17 02:14:11 AM	28.456	0
663	02/21/17 03:14:11 AM	28.456	0
664	02/21/17 04:14:11 AM	28.456	0
665	02/21/17 05:14:11 AM	28.456	0
666	02/21/17 06:14:11 AM	28.357	0
667	02/21/17 07:14:11 AM	28.357	376.7
668	02/21/17 08:14:11 AM	28.456	2927.8
669	02/21/17 09:14:11 AM	28.555	5166.7
670	02/21/17 10:14:11 AM	28.555	6544.5
671	02/21/17 11:14:11 AM	28.655	8266.7
672	02/21/17 12:14:11 PM	28.754	8266.7
673	02/21/17 01:14:11 PM	28.953	7233.4
674	02/21/17 02:14:11 PM	28.853	979.5
675	02/21/17 03:14:11 PM	29.053	3100
676	02/21/17 04:14:11 PM	28.853	1894.5
677	02/21/17 05:14:11 PM	28.754	775
678	02/21/17 06:14:11 PM	28.754	64.6
679	02/21/17 07:14:11 PM	28.754	0
680	02/21/17 08:14:11 PM	28.754	0
681	02/21/17 09:14:11 PM	28.754	0
682	02/21/17 10:14:11 PM	28.754	0
683	02/21/17 11:14:11 PM	28.655	0
684	02/22/17 12:14:11 AM	28.655	0
685	02/22/17 01:14:11 AM	28.655	0
686	02/22/17 02:14:11 AM	28.655	0
687	02/22/17 03:14:11 AM	28.555	0
688	02/22/17 04:14:11 AM	28.555	0
689	02/22/17 05:14:11 AM	28.555	0
690	02/22/17 06:14:11 AM	28.555	0
691	02/22/17 07:14:11 AM	28.555	796.5
692	02/22/17 08:14:11 AM	28.555	1894.5
693	02/22/17 09:14:11 AM	28.655	3444.5
694	02/22/17 10:14:11 AM	28.754	5166.7
695	02/22/17 11:14:11 AM	28.853	7233.4
696	02/22/17 12:14:11 PM	28.953	7233.4
697	02/22/17 01:14:11 PM	28.953	7233.4
698	02/22/17 02:14:11 PM	29.053	5166.7
699	02/22/17 03:14:11 PM	29.053	1894.5
700	02/22/17 04:14:11 PM	28.853	1550
701	02/22/17 05:14:11 PM	28.754	505.9
702	02/22/17 06:14:11 PM	28.655	21.5
703	02/22/17 07:14:11 PM	28.754	0
704	02/22/17 08:14:11 PM	28.754	0
705	02/22/17 09:14:11 PM	28.754	0
706	02/22/17 10:14:11 PM	28.456	0
707	02/22/17 11:14:11 PM	28.456	0
708	02/23/17 12:14:11 AM	28.456	0
709	02/23/17 01:14:11 AM	28.456	0
710	02/23/17 02:14:11 AM	28.456	0
711	02/23/17 03:14:11 AM	28.456	0
712	02/23/17 04:14:11 AM	28.357	0
713	02/23/17 05:14:11 AM	28.357	0
714	02/23/17 06:14:11 AM	28.357	0
715	02/23/17 07:14:11 AM	28.456	376.7
716	02/23/17 08:14:11 AM	28.456	1356.3
717	02/23/17 09:14:11 AM	28.555	2497.2
718	02/23/17 10:14:11 AM	28.555	1980.6
719	02/23/17 11:14:11 AM	28.655	4822.3
720	02/23/17 12:14:11 PM	28.754	5166.7
721	02/23/17 01:14:11 PM	28.853	4994.5
722	02/23/17 02:14:11 PM	28.953	4650
723	02/23/17 03:14:11 PM	28.953	2497.2
724	02/23/17 04:14:11 PM	28.853	1270.1
725	02/23/17 05:14:11 PM	28.655	409
726	02/23/17 06:14:11 PM	28.655	21.5
727	02/23/17 07:14:11 PM	28.655	0
728	02/23/17 08:14:11 PM	28.655	0
729	02/23/17 09:14:11 PM	28.655	0
730	02/23/17 10:14:11 PM	28.555	0
731	02/23/17 11:14:11 PM	28.655	0
732	02/24/17 12:14:11 AM	28.754	0
733	02/24/17 01:14:11 AM	28.555	0
734	02/24/17 02:14:11 AM	28.555	0
735	02/24/17 03:14:11 AM	28.555	0
736	02/24/17 04:14:11 AM	28.456	0
737	02/24/17 05:14:11 AM	28.456	0
738	02/24/17 06:14:11 AM	28.456	0
739	02/24/17 07:14:11 AM	28.456	333.7
740	02/24/17 08:14:11 AM	28.555	1377.8
741	02/24/17 09:14:11 AM	28.555	2238.9
742	02/24/17 10:14:11 AM	28.655	3272.2
743	02/24/17 11:14:11 AM	28.754	4477.8
744	02/24/17 12:14:11 PM	28.754	3272.2
745	02/24/17 01:14:11 PM	28.754	5511.1
746	02/24/17 02:14:11 PM	28.853	6200
747	02/24/17 03:14:11 PM	28.853	1550
748	02/24/17 04:14:11 PM	28.853	1636.1
749	02/24/17 05:14:11 PM	28.754	613.5
750	02/24/17 06:14:11 PM	28.754	43.1
751	02/24/17 07:14:11 PM	28.754	0
752	02/24/17 08:14:11 PM	28.754	0
753	02/24/17 09:14:11 PM	28.655	0
754	02/24/17 10:14:11 PM	28.655	0
755	02/24/17 11:14:11 PM	28.555	0
756	02/25/17 12:14:11 AM	28.555	0
757	02/25/17 01:14:11 AM	28.555	0
758	02/25/17 02:14:11 AM	28.456	0
759	02/25/17 03:14:11 AM	28.655	0
760	02/25/17 04:14:11 AM	28.655	0
761	02/25/17 05:14:11 AM	28.555	0
762	02/25/17 06:14:11 AM	28.555	0
763	02/25/17 07:14:11 AM	28.555	538.2
764	02/25/17 08:14:11 AM	28.555	1550
765	02/25/17 09:14:11 AM	28.555	2755.6
766	02/25/17 10:14:11 AM	28.655	4650
767	02/25/17 11:14:11 AM	28.655	5166.7
768	02/25/17 12:14:11 PM	28.555	1259.4
769	02/25/17 01:14:11 PM	28.655	7233.4
770	02/25/17 02:14:11 PM	28.853	5511.1
771	02/25/17 03:14:11 PM	28.853	4133.4
772	02/25/17 04:14:11 PM	28.853	1463.9
773	02/25/17 05:14:11 PM	28.853	312.2
774	02/25/17 06:14:11 PM	28.754	32.3
775	02/25/17 07:14:11 PM	28.655	0
776	02/25/17 08:14:11 PM	28.655	0
777	02/25/17 09:14:11 PM	28.655	0
778	02/25/17 10:14:11 PM	28.555	0
779	02/25/17 11:14:11 PM	28.655	0
780	02/26/17 12:14:11 AM	28.655	0
781	02/26/17 01:14:11 AM	28.655	0
782	02/26/17 02:14:11 AM	28.655	0
783	02/26/17 03:14:11 AM	28.655	0
784	02/26/17 04:14:11 AM	28.655	0
785	02/26/17 05:14:11 AM	28.655	0
786	02/26/17 06:14:11 AM	28.655	0
787	02/26/17 07:14:11 AM	28.655	409
788	02/26/17 08:14:11 AM	28.655	1205.6
789	02/26/17 09:14:11 AM	28.655	3444.5
790	02/26/17 10:14:11 AM	28.754	3961.1
791	02/26/17 11:14:11 AM	28.853	5511.1
792	02/26/17 12:14:11 PM	28.853	7577.8
793	02/26/17 01:14:11 PM	29.053	9644.5
794	02/26/17 02:14:11 PM	29.053	8266.7
795	02/26/17 03:14:11 PM	28.953	4650
796	02/26/17 04:14:11 PM	28.953	2325
797	02/26/17 05:14:11 PM	28.754	1184
798	02/26/17 06:14:11 PM	28.754	53.8
799	02/26/17 07:14:11 PM	28.655	0
800	02/26/17 08:14:11 PM	28.655	0
801	02/26/17 09:14:11 PM	28.655	0
802	02/26/17 10:14:11 PM	28.555	0
803	02/26/17 11:14:11 PM	28.555	0
804	02/27/17 12:14:11 AM	28.655	0
805	02/27/17 01:14:11 AM	28.754	0
806	02/27/17 02:14:11 AM	28.655	0
807	02/27/17 03:14:11 AM	28.655	0
808	02/27/17 04:14:11 AM	28.655	0
809	02/27/17 05:14:11 AM	28.555	0
810	02/27/17 06:14:11 AM	28.456	0
811	02/27/17 07:14:11 AM	28.357	893.4
812	02/27/17 08:14:11 AM	28.357	1722.2
813	02/27/17 09:14:11 AM	28.555	3616.7
814	02/27/17 10:14:11 AM	28.555	3961.1
815	02/27/17 11:14:11 AM	28.655	6544.5
816	02/27/17 12:14:11 PM	28.655	3616.7
817	02/27/17 01:14:11 PM	28.953	10677.8
818	02/27/17 02:14:11 PM	28.953	7577.8
819	02/27/17 03:14:11 PM	28.853	3272.2
820	02/27/17 04:14:11 PM	28.853	1227.1
821	02/27/17 05:14:11 PM	28.754	1011.8
822	02/27/17 06:14:11 PM	28.754	86.1
823	02/27/17 07:14:11 PM	28.655	0
824	02/27/17 08:14:11 PM	28.555	0
825	02/27/17 09:14:11 PM	28.456	0
826	02/27/17 10:14:11 PM	28.555	0
827	02/27/17 11:14:11 PM	28.555	0
828	02/28/17 12:14:11 AM	28.456	0
829	02/28/17 01:14:11 AM	28.357	0
830	02/28/17 02:14:11 AM	28.456	0
831	02/28/17 03:14:11 AM	28.456	0
832	02/28/17 04:14:11 AM	28.357	0
833	02/28/17 05:14:11 AM	28.357	0
834	02/28/17 06:14:11 AM	28.258	0
835	02/28/17 07:14:11 AM	28.258	602.8
836	02/28/17 08:14:11 AM	28.258	3272.2
837	02/28/17 09:14:11 AM	28.357	4994.5
838	02/28/17 10:14:11 AM	28.456	7233.4
839	02/28/17 11:14:11 AM	28.357	3272.2
840	02/28/17 12:14:11 PM	28.357	8266.7
841	02/28/17 01:14:11 PM	28.456	7233.4
842	02/28/17 02:14:11 PM	28.754	6544.5
843	02/28/17 03:14:11 PM	28.754	4650
844	02/28/17 04:14:11 PM	28.655	1377.8
845	02/28/17 05:14:11 PM	28.655	1550
846	02/28/17 06:14:11 PM	28.655	53.8
847	02/28/17 07:14:11 PM	28.655	0
848	02/28/17 08:14:11 PM	28.555	0
849	02/28/17 09:14:11 PM	28.456	0
850	02/28/17 10:14:11 PM	28.456	0
851	02/28/17 11:14:11 PM	28.555	0
852	03/01/2017 00:14	28.357	0
853	03/01/2017 01:14	28.456	0
854	03/01/2017 02:14	28.456	0
855	03/01/2017 03:14	28.456	0
856	03/01/2017 04:14	28.456	0
857	03/01/2017 05:14	28.456	0
858	03/01/2017 06:14	28.357	0
859	03/01/2017 07:14	28.357	236.8
860	03/01/2017 08:14	28.258	731.9
861	03/01/2017 09:14	28.258	1065.6
862	03/01/2017 10:14	28.258	1463.9
863	03/01/2017 11:14	28.159	1463.9
864	03/01/2017 12:14	28.06	1636.1
865	03/01/2017 13:14	28.159	1463.9
866	03/01/2017 14:14	28.06	1097.9
867	03/01/2017 15:14	28.555	1980.6
868	03/01/2017 16:14	28.456	656.6
869	03/01/2017 17:14	28.456	344.4
870	03/01/2017 18:14	28.357	0
871	03/01/2017 19:14	28.357	0
872	03/01/2017 20:14	28.258	0
873	03/01/2017 21:14	28.159	0
874	03/01/2017 22:14	28.159	0
875	03/01/2017 23:14	28.06	0
876	03/02/2017 00:14	27.961	0
877	03/02/2017 01:14	27.764	0
878	03/02/2017 02:14	27.764	0
879	03/02/2017 03:14	27.764	0
880	03/02/2017 04:14	28.754	0
881	03/02/2017 05:14	28.853	0
882	03/02/2017 06:14	28.06	0
883	03/02/2017 07:14	27.764	538.2
884	03/02/2017 08:14	27.764	1291.7
885	03/02/2017 09:14	27.961	4994.5
886	03/02/2017 10:14	27.961	4650
887	03/02/2017 11:14	28.06	7233.4
888	03/02/2017 12:14	28.06	8266.7
889	03/02/2017 13:14	28.159	6200
890	03/02/2017 14:14	28.357	3444.5
891	03/02/2017 15:14	29.053	1636.1
892	03/02/2017 16:14	29.053	2152.8
893	03/02/2017 17:14	29.053	1119.5
894	03/02/2017 18:14	28.953	64.6
895	03/02/2017 19:14	28.754	0
896	03/02/2017 20:14	28.655	0
897	03/02/2017 21:14	28.555	0
898	03/02/2017 22:14	28.555	0
899	03/02/2017 23:14	28.456	0
900	03/03/2017 00:14	28.456	0
901	03/03/2017 01:14	28.357	0
902	03/03/2017 02:14	28.456	0
903	03/03/2017 03:14	28.555	0
904	03/03/2017 04:14	28.456	0
905	03/03/2017 05:14	28.456	0
906	03/03/2017 06:14	28.258	0
907	03/03/2017 07:14	28.357	538.2
908	03/03/2017 08:14	28.456	3444.5
909	03/03/2017 09:14	28.555	4305.6
910	03/03/2017 10:14	28.655	5166.7
911	03/03/2017 11:14	28.655	4822.3
912	03/03/2017 12:14	28.555	5166.7
913	03/03/2017 13:14	28.655	5166.7
914	03/03/2017 14:14	28.555	4650
915	03/03/2017 15:14	29.053	4477.8
916	03/03/2017 16:14	29.053	2066.7
917	03/03/2017 17:14	28.953	1119.5
918	03/03/2017 18:14	28.853	75.3
919	03/03/2017 19:14	28.853	0
920	03/03/2017 20:14	28.853	0
921	03/03/2017 21:14	28.754	0
922	03/03/2017 22:14	28.754	0
923	03/03/2017 23:14	28.655	0
924	03/04/2017 00:14	28.655	0
925	03/04/2017 01:14	28.655	0
926	03/04/2017 02:14	28.655	0
927	03/04/2017 03:14	28.754	0
928	03/04/2017 04:14	28.754	0
929	03/04/2017 05:14	28.754	0
930	03/04/2017 06:14	28.655	0
931	03/04/2017 07:14	28.655	1205.6
932	03/04/2017 08:14	28.754	3444.5
933	03/04/2017 09:14	28.754	5166.7
934	03/04/2017 10:14	28.953	7233.4
935	03/04/2017 11:14	28.953	8611.2
936	03/04/2017 12:14	29.053	10677.8
937	03/04/2017 13:14	28.853	2497.2
938	03/04/2017 14:14	28.953	4477.8
939	03/04/2017 15:14	28.853	2755.6
940	03/04/2017 16:14	28.853	635.1
941	03/04/2017 17:14	28.853	570.5
942	03/04/2017 18:14	28.853	75.3
943	03/04/2017 19:14	28.853	0
944	03/04/2017 20:14	28.853	0
945	03/04/2017 21:14	28.754	0
946	03/04/2017 22:14	28.655	0
947	03/04/2017 23:14	28.655	0
948	03/05/2017 00:14	28.754	0
949	03/05/2017 01:14	28.754	0
950	03/05/2017 02:14	28.655	0
951	03/05/2017 03:14	28.754	0
952	03/05/2017 04:14	28.853	0
953	03/05/2017 05:14	28.754	0
954	03/05/2017 06:14	28.754	10.8
955	03/05/2017 07:14	28.754	893.4
956	03/05/2017 08:14	28.853	3788.9
957	03/05/2017 09:14	28.853	5166.7
958	03/05/2017 10:14	28.953	7233.4
959	03/05/2017 11:14	29.152	8266.7
960	03/05/2017 12:14	29.152	7577.8
961	03/05/2017 13:14	29.053	5511.1
962	03/05/2017 14:14	29.053	4133.4
963	03/05/2017 15:14	28.953	2755.6
964	03/05/2017 16:14	29.152	1377.8
965	03/05/2017 17:14	29.352	1345.5
966	03/05/2017 18:14	29.352	96.9
967	03/05/2017 19:14	29.252	0
968	03/05/2017 20:14	29.152	0
969	03/05/2017 21:14	29.152	0
970	03/05/2017 22:14	28.953	0
971	03/05/2017 23:14	28.953	0
972	03/06/2017 00:14	29.053	0
973	03/06/2017 01:14	28.953	0
974	03/06/2017 02:14	28.953	0
975	03/06/2017 03:14	28.953	0
976	03/06/2017 04:14	29.053	0
977	03/06/2017 05:14	28.853	0
978	03/06/2017 06:14	28.853	10.8
979	03/06/2017 07:14	28.853	1108.7
980	03/06/2017 08:14	28.953	3961.1
981	03/06/2017 09:14	29.053	5511.1
982	03/06/2017 10:14	29.053	7577.8
983	03/06/2017 11:14	29.152	10333.4
984	03/06/2017 12:14	29.252	8266.7
985	03/06/2017 13:14	29.152	7233.4
986	03/06/2017 14:14	29.152	6200
987	03/06/2017 15:14	29.152	3444.5
988	03/06/2017 16:14	29.152	2411.1
989	03/06/2017 17:14	29.152	807.3
990	03/06/2017 18:14	29.252	75.3
991	03/06/2017 19:14	29.053	0
992	03/06/2017 20:14	29.053	0
993	03/06/2017 21:14	29.152	0
994	03/06/2017 22:14	29.053	0
995	03/06/2017 23:14	29.053	0
996	03/07/2017 00:14	29.053	0
997	03/07/2017 01:14	29.152	0
998	03/07/2017 02:14	29.053	0
999	03/07/2017 03:14	29.053	0
1000	03/07/2017 04:14	29.053	0
1001	03/07/2017 05:14	29.152	0
1002	03/07/2017 06:14	29.053	0
1003	03/07/2017 07:14	29.053	871.9
1004	03/07/2017 08:14	29.053	2927.8
1005	03/07/2017 09:14	29.152	5166.7
1006	03/07/2017 10:14	29.252	8266.7
1007	03/07/2017 11:14	29.352	9300.1
1008	03/07/2017 12:14	29.452	9644.5
1009	03/07/2017 13:14	29.352	7233.4
1010	03/07/2017 14:14	29.452	6544.5
1011	03/07/2017 15:14	29.352	2497.2
1012	03/07/2017 16:14	29.352	2238.9
1013	03/07/2017 17:14	29.252	990.3
1014	03/07/2017 18:14	29.252	64.6
1015	03/07/2017 19:14	29.252	0
1016	03/07/2017 20:14	29.352	0
1017	03/07/2017 21:14	29.152	0
1018	03/07/2017 22:14	29.252	0
1019	03/07/2017 23:14	29.252	0
1020	03/08/2017 00:14	29.252	0
1021	03/08/2017 01:14	29.252	0
1022	03/08/2017 02:14	29.152	0
1023	03/08/2017 03:14	29.152	0
1024	03/08/2017 04:14	29.152	0
1025	03/08/2017 05:14	29.152	0
1026	03/08/2017 06:14	29.053	10.8
1027	03/08/2017 07:14	29.053	710.4
1028	03/08/2017 08:14	29.152	2497.2
1029	03/08/2017 09:14	29.252	5338.9
1030	03/08/2017 10:14	29.252	9300.1
1031	03/08/2017 11:14	29.352	11711.2
1032	03/08/2017 12:14	29.452	15155.7
1033	03/08/2017 13:14	29.452	9300.1
1034	03/08/2017 14:14	29.452	7233.4
1035	03/08/2017 15:14	29.452	2411.1
1036	03/08/2017 16:14	29.352	1463.9
1037	03/08/2017 17:14	29.352	688.9
1038	03/08/2017 18:14	29.252	43.1
1039	03/08/2017 19:14	29.252	0
1040	03/08/2017 20:14	29.252	0
1041	03/08/2017 21:14	29.252	0
1042	03/08/2017 22:14	29.252	0
1043	03/08/2017 23:14	29.352	0
1044	03/09/2017 00:14	29.252	0
1045	03/09/2017 01:14	29.252	0
1046	03/09/2017 02:14	29.252	0
1047	03/09/2017 03:14	29.252	0
1048	03/09/2017 04:14	29.252	0
1049	03/09/2017 05:14	29.252	0
1050	03/09/2017 06:14	29.252	0
1051	03/09/2017 07:14	29.252	516.7
1052	03/09/2017 08:14	29.352	1550
1053	03/09/2017 09:14	29.352	3100
1054	03/09/2017 10:14	29.352	4477.8
1055	03/09/2017 11:14	29.452	5511.1
1056	03/09/2017 12:14	29.352	7577.8
1057	03/09/2017 13:14	29.452	8266.7
1058	03/09/2017 14:14	29.552	5166.7
1059	03/09/2017 15:14	29.352	3100
1060	03/09/2017 16:14	29.452	1463.9
1061	03/09/2017 17:14	29.352	366
1062	03/09/2017 18:14	29.352	32.3
1063	03/09/2017 19:14	29.352	0
1064	03/09/2017 20:14	29.352	0
1065	03/09/2017 21:14	29.352	0
1066	03/09/2017 22:14	29.252	0
1067	03/09/2017 23:14	29.352	0
1068	03/10/2017 00:14	28.953	0
1069	03/10/2017 01:14	28.953	0
1070	03/10/2017 02:14	28.953	0
1071	03/10/2017 03:14	29.053	0
1072	03/10/2017 04:14	29.053	0
1073	03/10/2017 05:14	28.953	0
1074	03/10/2017 06:14	28.953	0
1075	03/10/2017 07:14	29.053	387.5
1076	03/10/2017 08:14	29.053	1280.9
1077	03/10/2017 09:14	29.053	2497.2
1078	03/10/2017 10:14	29.252	4477.8
1079	03/10/2017 11:14	29.252	8266.7
1080	03/10/2017 12:14	29.352	8266.7
1081	03/10/2017 13:14	29.252	6200
1082	03/10/2017 14:14	29.053	4994.5
1083	03/10/2017 15:14	29.252	1894.5
1084	03/10/2017 16:14	29.252	1463.9
1085	03/10/2017 17:14	29.252	549
1086	03/10/2017 18:14	29.252	43.1
1087	03/10/2017 19:14	29.252	0
1088	03/10/2017 20:14	29.252	0
1089	03/10/2017 21:14	29.152	0
1090	03/10/2017 22:14	29.152	0
1091	03/10/2017 23:14	29.152	0
1092	03/11/2017 00:14	29.152	0
1093	03/11/2017 01:14	29.252	0
1094	03/11/2017 02:14	28.953	0
1095	03/11/2017 03:14	28.953	0
1096	03/11/2017 04:14	28.953	0
1097	03/11/2017 05:14	28.953	0
1098	03/11/2017 06:14	28.953	10.8
1099	03/11/2017 07:14	28.953	699.7
1100	03/11/2017 08:14	28.953	1722.2
1101	03/11/2017 09:14	29.053	2927.8
1102	03/11/2017 10:14	29.053	4477.8
1103	03/11/2017 11:14	29.152	5511.1
1104	03/11/2017 12:14	29.552	7577.8
1105	03/11/2017 13:14	29.652	7577.8
1106	03/11/2017 14:14	29.552	5166.7
1107	03/11/2017 15:14	29.352	3272.2
1108	03/11/2017 16:14	29.452	1722.2
1109	03/11/2017 17:14	29.352	549
1110	03/11/2017 18:14	29.252	32.3
1111	03/11/2017 19:14	29.252	0
1112	03/11/2017 20:14	29.252	0
1113	03/11/2017 21:14	29.152	0
1114	03/11/2017 22:14	29.152	0
1115	03/11/2017 23:14	29.152	0
1116	03/12/2017 00:14	29.152	0
1117	03/12/2017 01:14	29.452	0
1118	03/12/2017 02:14	29.352	0
1119	03/12/2017 03:14	29.252	0
1120	03/12/2017 04:14	29.252	0
1121	03/12/2017 05:14	29.252	0
1122	03/12/2017 06:14	29.152	10.8
1123	03/12/2017 07:14	29.252	731.9
1124	03/12/2017 08:14	29.252	1980.6
1125	03/12/2017 09:14	29.352	3788.9
1126	03/12/2017 10:14	29.452	5166.7
1127	03/12/2017 11:14	29.452	6544.5
1128	03/12/2017 12:14	29.452	6544.5
1129	03/12/2017 13:14	29.853	8266.7
1130	03/12/2017 14:14	29.953	5511.1
1131	03/12/2017 15:14	29.953	3788.9
1132	03/12/2017 16:14	29.953	1463.9
1133	03/12/2017 17:14	29.652	484.4
1134	03/12/2017 18:14	29.552	43.1
1135	03/12/2017 19:14	29.552	0
1136	03/12/2017 20:14	29.452	0
1137	03/12/2017 21:14	29.452	0
1138	03/12/2017 22:14	29.452	0
1139	03/12/2017 23:14	29.452	0
1140	03/13/17 12:14:11 AM	29.352	0
1141	03/13/17 01:14:11 AM	29.652	0
1142	03/13/17 02:14:11 AM	29.352	0
1143	03/13/17 03:14:11 AM	29.452	0
1144	03/13/17 04:14:11 AM	29.352	0
1145	03/13/17 05:14:11 AM	29.352	0
1146	03/13/17 06:14:11 AM	29.252	10.8
1147	03/13/17 07:14:11 AM	29.252	559.7
1148	03/13/17 08:14:11 AM	29.352	1722.2
1149	03/13/17 09:14:11 AM	29.452	3272.2
1150	03/13/17 10:14:11 AM	29.552	4305.6
1151	03/13/17 11:14:11 AM	29.552	5338.9
1152	03/13/17 12:14:11 PM	29.652	4477.8
1153	03/13/17 01:14:11 PM	29.652	1894.5
1154	03/13/17 02:14:11 PM	29.752	1550
1155	03/13/17 03:14:11 PM	29.853	2927.8
1156	03/13/17 04:14:11 PM	29.752	1894.5
1157	03/13/17 05:14:11 PM	29.752	742.7
1158	03/13/17 06:14:11 PM	29.552	32.3
1159	03/13/17 07:14:11 PM	29.652	0
1160	03/13/17 08:14:11 PM	29.652	0
1161	03/13/17 09:14:11 PM	29.552	0
1162	03/13/17 10:14:11 PM	29.552	0
1163	03/13/17 11:14:11 PM	29.552	0
1164	03/14/17 12:14:11 AM	29.552	0
1165	03/14/17 01:14:11 AM	29.652	0
1166	03/14/17 02:14:11 AM	29.452	0
1167	03/14/17 03:14:11 AM	29.252	0
1168	03/14/17 04:14:11 AM	29.252	0
1169	03/14/17 05:14:11 AM	29.152	0
1170	03/14/17 06:14:11 AM	29.152	0
1171	03/14/17 07:14:11 AM	29.252	527.4
1172	03/14/17 08:14:11 AM	29.252	441.3
1173	03/14/17 09:14:11 AM	29.252	387.5
1174	03/14/17 10:14:11 AM	29.352	3100
1175	03/14/17 11:14:11 AM	29.252	409
1176	03/14/17 12:14:11 PM	29.252	322.9
1177	03/14/17 01:14:11 PM	29.452	1463.9
1178	03/14/17 02:14:11 PM	29.652	1550
1179	03/14/17 03:14:11 PM	29.652	1227.1
1180	03/14/17 04:14:11 PM	29.652	527.4
1181	03/14/17 05:14:11 PM	29.652	355.2
1182	03/14/17 06:14:11 PM	29.552	0
1183	03/14/17 07:14:11 PM	29.452	0
1184	03/14/17 08:14:11 PM	29.452	0
1185	03/14/17 09:14:11 PM	29.452	0
1186	03/14/17 10:14:11 PM	29.452	0
1187	03/14/17 11:14:11 PM	29.452	0
1188	03/15/17 12:14:11 AM	29.352	0
1189	03/15/17 01:14:11 AM	29.452	0
1190	03/15/17 02:14:11 AM	29.252	0
1191	03/15/17 03:14:11 AM	29.152	0
1192	03/15/17 04:14:11 AM	29.152	0
1193	03/15/17 05:14:11 AM	29.053	0
1194	03/15/17 06:14:11 AM	29.352	0
1195	03/15/17 07:14:11 AM	29.352	0
1196	03/15/17 08:14:11 AM	29.252	75.3
1197	03/15/17 09:14:11 AM	29.252	161.5
1198	03/15/17 10:14:11 AM	29.352	333.7
1199	03/15/17 11:14:11 AM	29.352	538.2
1200	03/15/17 12:14:11 PM	29.352	796.5
1201	03/15/17 01:14:11 PM	29.352	559.7
1202	03/15/17 02:14:11 PM	28.953	1194.8
1203	03/15/17 03:14:11 PM	28.953	958
1204	03/15/17 04:14:11 PM	29.053	419.8
1205	03/15/17 05:14:11 PM	29.053	441.3
1206	03/15/17 06:14:11 PM	29.053	10.8
1207	03/15/17 07:14:11 PM	28.953	0
1208	03/15/17 08:14:11 PM	28.953	0
1209	03/15/17 09:14:11 PM	28.853	0
1210	03/15/17 10:14:11 PM	28.853	0
1211	03/15/17 11:14:11 PM	28.853	0
1212	03/16/17 12:14:11 AM	28.754	0
1213	03/16/17 01:14:11 AM	28.853	0
1214	03/16/17 02:14:11 AM	28.853	0
1215	03/16/17 03:14:11 AM	28.953	0
1216	03/16/17 04:14:11 AM	28.953	0
1217	03/16/17 05:14:11 AM	28.853	0
1218	03/16/17 06:14:11 AM	28.853	10.8
1219	03/16/17 07:14:11 AM	28.853	807.3
1220	03/16/17 08:14:11 AM	28.953	2238.9
1221	03/16/17 09:14:11 AM	28.953	3961.1
1222	03/16/17 10:14:11 AM	29.053	5511.1
1223	03/16/17 11:14:11 AM	29.053	5511.1
1224	03/16/17 12:14:11 PM	29.053	5166.7
1225	03/16/17 01:14:11 PM	29.152	4133.4
1226	03/16/17 02:14:11 PM	29.053	2583.4
1227	03/16/17 03:14:11 PM	29.053	1980.6
1228	03/16/17 04:14:11 PM	29.452	2152.8
1229	03/16/17 05:14:11 PM	29.352	753.5
1230	03/16/17 06:14:11 PM	28.953	43.1
1231	03/16/17 07:14:11 PM	29.053	0
1232	03/16/17 08:14:11 PM	29.053	0
1233	03/16/17 09:14:11 PM	29.053	0
1234	03/16/17 10:14:11 PM	28.953	0
1235	03/16/17 11:14:11 PM	28.953	0
1236	03/17/17 12:14:11 AM	28.953	0
1237	03/17/17 01:14:11 AM	28.853	0
1238	03/17/17 02:14:11 AM	28.853	0
1239	03/17/17 03:14:11 AM	29.252	0
1240	03/17/17 04:14:11 AM	29.252	0
1241	03/17/17 05:14:11 AM	29.152	0
1242	03/17/17 06:14:11 AM	29.152	21.5
1243	03/17/17 07:14:11 AM	29.152	968.8
1244	03/17/17 08:14:11 AM	29.252	2755.6
1245	03/17/17 09:14:11 AM	29.252	5166.7
1246	03/17/17 10:14:11 AM	29.152	5166.7
1247	03/17/17 11:14:11 AM	29.252	8266.7
1248	03/17/17 12:14:11 PM	29.252	6544.5
1249	03/17/17 01:14:11 PM	29.252	5338.9
1250	03/17/17 02:14:11 PM	29.252	4650
1251	03/17/17 03:14:11 PM	29.352	3616.7
1252	03/17/17 04:14:11 PM	29.452	1980.6
1253	03/17/17 05:14:11 PM	29.652	549
1254	03/17/17 06:14:11 PM	29.652	75.3
1255	03/17/17 07:14:11 PM	29.252	0
1256	03/17/17 08:14:11 PM	29.152	0
1257	03/17/17 09:14:11 PM	29.252	0
1258	03/17/17 10:14:11 PM	29.252	0
1259	03/17/17 11:14:11 PM	29.152	0
1260	03/18/17 12:14:11 AM	29.252	0
1261	03/18/17 01:14:11 AM	29.252	0
1262	03/18/17 02:14:11 AM	29.252	0
1263	03/18/17 03:14:11 AM	29.752	0
1264	03/18/17 04:14:11 AM	29.552	0
1265	03/18/17 05:14:11 AM	29.752	0
1266	03/18/17 06:14:11 AM	29.752	32.3
1267	03/18/17 07:14:11 AM	29.752	1194.8
1268	03/18/17 08:14:11 AM	29.752	3100
1269	03/18/17 09:14:11 AM	29.752	6200
1270	03/18/17 10:14:11 AM	29.752	6544.5
1271	03/18/17 11:14:11 AM	29.853	8611.2
1272	03/18/17 12:14:11 PM	29.853	8266.7
1273	03/18/17 01:14:11 PM	29.853	7233.4
1274	03/18/17 02:14:11 PM	29.853	5338.9
1275	03/18/17 03:14:11 PM	29.752	3272.2
1276	03/18/17 04:14:11 PM	30.054	2583.4
1277	03/18/17 05:14:11 PM	29.953	1087.2
1278	03/18/17 06:14:11 PM	29.853	86.1
1279	03/18/17 07:14:11 PM	29.853	0
1280	03/18/17 08:14:11 PM	29.752	0
1281	03/18/17 09:14:11 PM	29.752	0
1282	03/18/17 10:14:11 PM	29.652	0
1283	03/18/17 11:14:11 PM	29.652	0
1284	03/19/17 12:14:11 AM	29.652	0
1285	03/19/17 01:14:11 AM	29.652	0
1286	03/19/17 02:14:11 AM	29.652	0
1287	03/19/17 03:14:11 AM	29.552	0
1288	03/19/17 04:14:11 AM	29.652	0
1289	03/19/17 05:14:11 AM	29.652	0
1290	03/19/17 06:14:11 AM	29.552	21.5
1291	03/19/17 07:14:11 AM	29.652	1173.3
1292	03/19/17 08:14:11 AM	29.652	2583.4
1293	03/19/17 09:14:11 AM	29.752	4994.5
1294	03/19/17 10:14:11 AM	29.853	5511.1
1295	03/19/17 11:14:11 AM	29.853	8611.2
1296	03/19/17 12:14:11 PM	29.853	5166.7
1297	03/19/17 01:14:11 PM	29.853	7577.8
1298	03/19/17 02:14:11 PM	29.853	5166.7
1299	03/19/17 03:14:11 PM	29.853	2927.8
1300	03/19/17 04:14:11 PM	29.953	1808.3
1301	03/19/17 05:14:11 PM	29.853	516.7
1302	03/19/17 06:14:11 PM	29.652	43.1
1303	03/19/17 07:14:11 PM	29.652	0
1304	03/19/17 08:14:11 PM	29.552	0
1305	03/19/17 09:14:11 PM	29.352	0
1306	03/19/17 10:14:11 PM	29.352	0
1307	03/19/17 11:14:11 PM	29.352	0
1308	03/20/17 12:14:11 AM	29.352	0
1309	03/20/17 01:14:11 AM	29.152	0
1310	03/20/17 02:14:11 AM	29.252	0
1311	03/20/17 03:14:11 AM	29.152	0
1312	03/20/17 04:14:11 AM	29.053	0
1313	03/20/17 05:14:11 AM	29.053	0
1314	03/20/17 06:14:11 AM	29.152	21.5
1315	03/20/17 07:14:11 AM	29.152	785.8
1316	03/20/17 08:14:11 AM	29.152	2238.9
1317	03/20/17 09:14:11 AM	29.252	4133.4
1318	03/20/17 10:14:11 AM	29.352	5511.1
1319	03/20/17 11:14:11 AM	29.352	3100
1320	03/20/17 12:14:11 PM	29.352	8266.7
1321	03/20/17 01:14:11 PM	29.352	2497.2
1322	03/20/17 02:14:11 PM	29.252	1216.3
1323	03/20/17 03:14:11 PM	29.352	3100
1324	03/20/17 04:14:11 PM	29.252	1636.1
1325	03/20/17 05:14:11 PM	29.352	721.2
1326	03/20/17 06:14:11 PM	29.252	32.3
1327	03/20/17 07:14:11 PM	29.252	0
1328	03/20/17 08:14:11 PM	29.252	0
1329	03/20/17 09:14:11 PM	29.252	0
1330	03/20/17 10:14:11 PM	29.252	0
1331	03/20/17 11:14:11 PM	29.152	0
1332	03/21/17 12:14:11 AM	29.152	0
1333	03/21/17 01:14:11 AM	29.152	0
1334	03/21/17 02:14:11 AM	29.152	0
1335	03/21/17 03:14:11 AM	29.152	0
1336	03/21/17 04:14:11 AM	29.152	0
1337	03/21/17 05:14:11 AM	29.152	0
1338	03/21/17 06:14:11 AM	29.152	21.5
1339	03/21/17 07:14:11 AM	29.053	807.3
1340	03/21/17 08:14:11 AM	29.152	2325
1341	03/21/17 09:14:11 AM	29.152	2152.8
1342	03/21/17 10:14:11 AM	29.252	6200
1343	03/21/17 11:14:11 AM	29.252	2497.2
1344	03/21/17 12:14:11 PM	29.352	8266.7
1345	03/21/17 01:14:11 PM	29.352	5166.7
1346	03/21/17 02:14:11 PM	29.352	3788.9
1347	03/21/17 03:14:11 PM	29.252	2411.1
1348	03/21/17 04:14:11 PM	29.252	1162.5
1349	03/21/17 05:14:11 PM	29.252	559.7
1350	03/21/17 06:14:11 PM	29.152	32.3
1351	03/21/17 07:14:11 PM	29.152	0
1352	03/21/17 08:14:11 PM	29.152	0
1353	03/21/17 09:14:11 PM	29.152	0
1354	03/21/17 10:14:11 PM	29.252	0
1355	03/21/17 11:14:11 PM	29.152	0
1356	03/22/17 12:14:11 AM	29.152	0
1357	03/22/17 01:14:11 AM	29.152	0
1358	03/22/17 02:14:11 AM	29.152	0
1359	03/22/17 03:14:11 AM	29.152	0
1360	03/22/17 04:14:11 AM	29.452	0
1361	03/22/17 05:14:11 AM	29.152	0
1362	03/22/17 06:14:11 AM	29.252	21.5
1363	03/22/17 07:14:11 AM	29.252	656.6
1364	03/22/17 08:14:11 AM	29.252	1550
1365	03/22/17 09:14:11 AM	29.252	2583.4
1366	03/22/17 10:14:11 AM	29.352	1894.5
1367	03/22/17 11:14:11 AM	29.352	1044.1
1368	03/22/17 12:14:11 PM	29.352	1237.9
1369	03/22/17 01:14:11 PM	29.352	2927.8
1370	03/22/17 02:14:11 PM	29.352	1980.6
1371	03/22/17 03:14:11 PM	29.352	1280.9
1372	03/22/17 04:14:11 PM	29.352	893.4
1373	03/22/17 05:14:11 PM	29.252	322.9
1374	03/22/17 06:14:11 PM	29.252	10.8
1375	03/22/17 07:14:11 PM	29.252	0
1376	03/22/17 08:14:11 PM	29.252	0
1377	03/22/17 09:14:11 PM	29.252	0
1378	03/22/17 10:14:11 PM	29.352	0
1379	03/22/17 11:14:11 PM	29.252	0
1380	03/23/17 12:14:11 AM	29.252	0
1381	03/23/17 01:14:11 AM	29.252	0
1382	03/23/17 02:14:11 AM	29.352	0
1383	03/23/17 03:14:11 AM	29.352	0
1384	03/23/17 04:14:11 AM	29.252	0
1385	03/23/17 05:14:11 AM	29.252	0
1386	03/23/17 06:14:11 AM	29.252	10.8
1387	03/23/17 07:14:11 AM	29.352	570.5
1388	03/23/17 08:14:11 AM	29.452	2325
1389	03/23/17 09:14:11 AM	29.452	4133.4
1390	03/23/17 10:14:11 AM	29.452	5338.9
1391	03/23/17 11:14:11 AM	29.552	6200
1392	03/23/17 12:14:11 PM	29.552	8266.7
1393	03/23/17 01:14:11 PM	29.552	5166.7
1394	03/23/17 02:14:11 PM	29.552	4133.4
1395	03/23/17 03:14:11 PM	29.552	2152.8
1396	03/23/17 04:14:11 PM	29.552	1151.7
1397	03/23/17 05:14:11 PM	29.452	452.1
1398	03/23/17 06:14:11 PM	29.452	21.5
1399	03/23/17 07:14:11 PM	29.452	0
1400	03/23/17 08:14:11 PM	29.452	0
1401	03/23/17 09:14:11 PM	29.452	0
1402	03/23/17 10:14:11 PM	29.552	0
1403	03/23/17 11:14:11 PM	29.452	0
1404	03/24/17 12:14:11 AM	29.452	0
1405	03/24/17 01:14:11 AM	29.452	0
1406	03/24/17 02:14:11 AM	29.652	0
1407	03/24/17 03:14:11 AM	29.552	0
1408	03/24/17 04:14:11 AM	29.552	0
1409	03/24/17 05:14:11 AM	29.552	0
1410	03/24/17 06:14:11 AM	29.652	10.8
1411	03/24/17 07:14:11 AM	29.752	785.8
1412	03/24/17 08:14:11 AM	29.752	2325
1413	03/24/17 09:14:11 AM	29.953	5511.1
1414	03/24/17 10:14:11 AM	30.054	9644.5
1415	03/24/17 11:14:11 AM	30.154	13777.9
1416	03/24/17 12:14:11 PM	30.255	12400.1
1417	03/24/17 01:14:11 PM	30.255	9300.1
1418	03/24/17 02:14:11 PM	30.054	5511.1
1419	03/24/17 03:14:11 PM	30.054	3100
1420	03/24/17 04:14:11 PM	29.953	1636.1
1421	03/24/17 05:14:11 PM	29.953	656.6
1422	03/24/17 06:14:11 PM	29.853	21.5
1423	03/24/17 07:14:11 PM	29.853	0
1424	03/24/17 08:14:11 PM	29.853	0
1425	03/24/17 09:14:11 PM	29.853	0
1426	03/24/17 10:14:11 PM	29.853	0
1427	03/24/17 11:14:11 PM	29.752	0
1428	03/25/17 12:14:11 AM	29.752	0
1429	03/25/17 01:14:11 AM	29.853	0
1430	03/25/17 02:14:11 AM	29.752	0
1431	03/25/17 03:14:11 AM	29.752	0
1432	03/25/17 04:14:11 AM	29.752	0
1433	03/25/17 05:14:11 AM	29.853	0
1434	03/25/17 06:14:11 AM	29.752	32.3
1435	03/25/17 07:14:11 AM	29.752	947.2
1436	03/25/17 08:14:11 AM	29.752	2583.4
1437	03/25/17 09:14:11 AM	29.853	4133.4
1438	03/25/17 10:14:11 AM	29.953	7577.8
1439	03/25/17 11:14:11 AM	30.255	9644.5
1440	03/25/17 12:14:11 PM	29.953	7233.4
1441	03/25/17 01:14:11 PM	30.255	7233.4
1442	03/25/17 02:14:11 PM	29.953	4994.5
1443	03/25/17 03:14:11 PM	29.953	2755.6
1444	03/25/17 04:14:11 PM	29.953	1291.7
1445	03/25/17 05:14:11 PM	29.853	441.3
1446	03/25/17 06:14:11 PM	29.853	21.5
1447	03/25/17 07:14:11 PM	29.853	0
1448	03/25/17 08:14:11 PM	29.853	0
1449	03/25/17 09:14:11 PM	29.752	0
1450	03/25/17 10:14:11 PM	29.853	0
1451	03/25/17 11:14:11 PM	29.853	0
1452	03/26/17 12:14:11 AM	30.054	0
1453	03/26/17 01:14:11 AM	29.953	0
1454	03/26/17 02:14:11 AM	29.953	0
1455	03/26/17 03:14:11 AM	29.853	0
1456	03/26/17 04:14:11 AM	29.853	0
1457	03/26/17 05:14:11 AM	29.853	0
1458	03/26/17 06:14:11 AM	29.752	32.3
1459	03/26/17 07:14:11 AM	29.752	710.4
1460	03/26/17 08:14:11 AM	29.752	2325
1461	03/26/17 09:14:11 AM	29.853	4650
1462	03/26/17 10:14:11 AM	29.953	5166.7
1463	03/26/17 11:14:11 AM	29.953	8266.7
1464	03/26/17 12:14:11 PM	30.255	9300.1
1465	03/26/17 01:14:11 PM	30.154	6544.5
1466	03/26/17 02:14:11 PM	30.154	4994.5
1467	03/26/17 03:14:11 PM	30.356	2755.6
1468	03/26/17 04:14:11 PM	30.054	1636.1
1469	03/26/17 05:14:11 PM	29.953	581.3
1470	03/26/17 06:14:11 PM	29.953	21.5
1471	03/26/17 07:14:11 PM	29.953	0
1472	03/26/17 08:14:11 PM	29.953	0
1473	03/26/17 09:14:11 PM	29.953	0
1474	03/26/17 10:14:11 PM	29.953	0
1475	03/26/17 11:14:11 PM	29.953	0
1476	03/27/17 12:14:11 AM	30.154	0
1477	03/27/17 01:14:11 AM	30.154	0
1478	03/27/17 02:14:11 AM	30.255	0
1479	03/27/17 03:14:11 AM	30.154	0
1480	03/27/17 04:14:11 AM	30.154	0
1481	03/27/17 05:14:11 AM	30.054	0
1482	03/27/17 06:14:11 AM	29.953	32.3
1483	03/27/17 07:14:11 AM	30.054	796.5
1484	03/27/17 08:14:11 AM	30.054	2238.9
1485	03/27/17 09:14:11 AM	30.054	3961.1
1486	03/27/17 10:14:11 AM	30.154	4650
1487	03/27/17 11:14:11 AM	30.154	5511.1
1488	03/27/17 12:14:11 PM	30.457	8611.2
1489	03/27/17 01:14:11 PM	30.154	1184
1490	03/27/17 02:14:11 PM	30.154	2238.9
1491	03/27/17 03:14:11 PM	30.154	3961.1
1492	03/27/17 04:14:11 PM	30.154	2066.7
1493	03/27/17 05:14:11 PM	30.054	10.8
1494	03/27/17 06:14:11 PM	30.154	21.5
1495	03/27/17 07:14:11 PM	30.154	0
1496	03/27/17 08:14:11 PM	30.154	0
1497	03/27/17 09:14:11 PM	30.154	0
1498	03/27/17 10:14:11 PM	29.953	0
1499	03/27/17 11:14:11 PM	29.853	0
1500	03/28/17 12:14:11 AM	29.953	0
1501	03/28/17 01:14:11 AM	29.853	0
1502	03/28/17 02:14:11 AM	29.853	0
1503	03/28/17 03:14:11 AM	29.853	0
1504	03/28/17 04:14:11 AM	29.752	0
1505	03/28/17 05:14:11 AM	29.752	0
1506	03/28/17 06:14:11 AM	29.752	21.5
1507	03/28/17 07:14:11 AM	29.752	139.9
1508	03/28/17 08:14:11 AM	29.752	721.2
1509	03/28/17 09:14:11 AM	29.752	1205.6
1510	03/28/17 10:14:11 AM	29.853	2411.1
1511	03/28/17 11:14:11 AM	29.853	3100
1512	03/28/17 12:14:11 PM	30.255	6544.5
1513	03/28/17 01:14:11 PM	30.154	5511.1
1514	03/28/17 02:14:11 PM	30.054	3100
1515	03/28/17 03:14:11 PM	30.054	2927.8
1516	03/28/17 04:14:11 PM	29.953	1808.3
1517	03/28/17 05:14:11 PM	29.953	581.3
1518	03/28/17 06:14:11 PM	29.953	32.3
1519	03/28/17 07:14:11 PM	29.953	0
1520	03/28/17 08:14:11 PM	29.953	0
1521	03/28/17 09:14:11 PM	29.953	0
1522	03/28/17 10:14:11 PM	29.853	0
1523	03/28/17 11:14:11 PM	29.853	0
1524	03/29/17 12:14:11 AM	29.752	0
1525	03/29/17 01:14:11 AM	29.652	0
1526	03/29/17 02:14:11 AM	29.752	0
1527	03/29/17 03:14:11 AM	29.652	0
1528	03/29/17 04:14:11 AM	29.752	0
1529	03/29/17 05:14:11 AM	29.652	0
1530	03/29/17 06:14:11 AM	29.652	43.1
1531	03/29/17 07:14:11 AM	29.652	925.7
1532	03/29/17 08:14:11 AM	29.752	2583.4
1533	03/29/17 09:14:11 AM	29.752	4477.8
1534	03/29/17 10:14:11 AM	29.853	5166.7
1535	03/29/17 11:14:11 AM	29.853	6200
1536	03/29/17 12:14:11 PM	29.853	6200
1537	03/29/17 01:14:11 PM	29.953	6200
1538	03/29/17 02:14:11 PM	30.154	5166.7
1539	03/29/17 03:14:11 PM	30.054	2755.6
1540	03/29/17 04:14:11 PM	30.154	1636.1
1541	03/29/17 05:14:11 PM	29.853	495.1
1542	03/29/17 06:14:11 PM	29.853	21.5
1543	03/29/17 07:14:11 PM	29.853	0
1544	03/29/17 08:14:11 PM	29.853	0
1545	03/29/17 09:14:11 PM	29.853	0
1546	03/29/17 10:14:11 PM	29.752	0
1547	03/29/17 11:14:11 PM	29.752	0
1548	03/30/17 12:14:11 AM	29.853	0
1549	03/30/17 01:14:11 AM	29.853	0
1550	03/30/17 02:14:11 AM	29.652	0
1551	03/30/17 03:14:11 AM	29.652	0
1552	03/30/17 04:14:11 AM	29.752	0
1553	03/30/17 05:14:11 AM	29.752	0
1554	03/30/17 06:14:11 AM	29.652	43.1
1555	03/30/17 07:14:11 AM	29.752	807.3
1556	03/30/17 08:14:11 AM	29.752	2066.7
1557	03/30/17 09:14:11 AM	29.853	3961.1
1558	03/30/17 10:14:11 AM	29.853	5338.9
1559	03/30/17 11:14:11 AM	29.853	1980.6
1560	03/30/17 12:14:11 PM	29.953	5511.1
1561	03/30/17 01:14:11 PM	29.953	5511.1
1562	03/30/17 02:14:11 PM	30.154	3100
1563	03/30/17 03:14:11 PM	30.255	2669.5
1564	03/30/17 04:14:11 PM	30.154	958
1565	03/30/17 05:14:11 PM	30.154	495.1
1566	03/30/17 06:14:11 PM	30.054	32.3
1567	03/30/17 07:14:11 PM	29.953	0
1568	03/30/17 08:14:11 PM	29.953	0
1569	03/30/17 09:14:11 PM	29.953	0
1570	03/30/17 10:14:11 PM	29.953	0
1571	03/30/17 11:14:11 PM	29.953	0
1572	03/31/17 12:14:11 AM	29.853	0
1573	03/31/17 01:14:11 AM	29.853	0
1574	03/31/17 02:14:11 AM	29.853	0
1575	03/31/17 03:14:11 AM	29.853	0
1576	03/31/17 04:14:11 AM	29.853	0
1577	03/31/17 05:14:11 AM	29.853	0
1578	03/31/17 06:14:11 AM	29.853	32.3
1579	03/31/17 07:14:11 AM	29.853	570.5
1580	03/31/17 08:14:11 AM	29.953	1894.5
1581	03/31/17 09:14:11 AM	29.953	2927.8
1582	03/31/17 10:14:11 AM	29.953	1033.3
1583	03/31/17 11:14:11 AM	30.054	3788.9
1584	03/31/17 12:14:11 PM	30.154	3444.5
1585	03/31/17 01:14:11 PM	30.054	2927.8
1586	03/31/17 02:14:11 PM	30.054	2583.4
1587	03/31/17 03:14:11 PM	30.255	1894.5
1588	03/31/17 04:14:11 PM	30.255	1162.5
1589	03/31/17 05:14:11 PM	30.154	441.3
1590	03/31/17 06:14:11 PM	30.054	21.5
1591	03/31/17 07:14:11 PM	30.054	0
1592	03/31/17 08:14:11 PM	29.953	0
1593	03/31/17 09:14:11 PM	29.953	0
1594	03/31/17 10:14:11 PM	29.953	0
1595	03/31/17 11:14:11 PM	29.953	0
1596	04/01/2017 00:14	29.953	0
1597	04/01/2017 01:14	29.853	0
1598	04/01/2017 02:14	29.853	0
1599	04/01/2017 03:14	29.853	0
1600	04/01/2017 04:14	29.652	0
1601	04/01/2017 05:14	29.652	0
1602	04/01/2017 06:14	29.652	21.5
1603	04/01/2017 07:14	29.652	667.4
1604	04/01/2017 08:14	29.752	1894.5
1605	04/01/2017 09:14	29.752	2066.7
1606	04/01/2017 10:14	29.752	2583.4
1607	04/01/2017 11:14	29.752	1377.8
1608	04/01/2017 12:14	29.853	2152.8
1609	04/01/2017 13:14	29.853	2152.8
1610	04/01/2017 14:14	29.853	1463.9
1611	04/01/2017 15:14	30.054	1550
1612	04/01/2017 16:14	29.953	710.4
1613	04/01/2017 17:14	29.853	1001
1614	04/01/2017 18:14	29.953	21.5
1615	04/01/2017 19:14	29.853	0
1616	04/01/2017 20:14	29.853	0
1617	04/01/2017 21:14	29.853	0
1618	04/01/2017 22:14	29.853	0
1619	04/01/2017 23:14	29.752	0
1620	04/02/2017 00:14	29.752	0
1621	04/02/2017 01:14	29.752	0
1622	04/02/2017 02:14	29.752	0
1623	04/02/2017 03:14	29.853	0
1624	04/02/2017 04:14	29.853	0
1625	04/02/2017 05:14	29.853	0
1626	04/02/2017 06:14	29.853	43.1
1627	04/02/2017 07:14	29.853	775
1628	04/02/2017 08:14	29.953	2927.8
1629	04/02/2017 09:14	29.953	5166.7
1630	04/02/2017 10:14	29.953	6544.5
1631	04/02/2017 11:14	29.953	4133.4
1632	04/02/2017 12:14	29.953	3100
1633	04/02/2017 13:14	30.054	3272.2
1634	04/02/2017 14:14	29.953	1894.5
1635	04/02/2017 15:14	29.953	1722.2
1636	04/02/2017 16:14	29.953	204.5
1637	04/02/2017 17:14	29.953	376.7
1638	04/02/2017 18:14	29.953	0
1639	04/02/2017 19:14	29.853	0
1640	04/02/2017 20:14	29.853	0
1641	04/02/2017 21:14	29.853	0
1642	04/02/2017 22:14	29.853	0
1643	04/02/2017 23:14	29.752	0
1644	04/03/2017 00:14	29.752	0
1645	04/03/2017 01:14	29.752	0
1646	04/03/2017 02:14	29.752	0
1647	04/03/2017 03:14	29.752	0
1648	04/03/2017 04:14	29.752	0
1649	04/03/2017 05:14	29.853	0
1650	04/03/2017 06:14	29.853	75.3
1651	04/03/2017 07:14	29.853	1151.7
1652	04/03/2017 08:14	29.953	1001
1653	04/03/2017 09:14	30.054	5166.7
1654	04/03/2017 10:14	29.953	5166.7
1655	04/03/2017 11:14	30.054	8611.2
1656	04/03/2017 12:14	30.054	7233.4
1657	04/03/2017 13:14	29.953	5338.9
1658	04/03/2017 14:14	30.054	4477.8
1659	04/03/2017 15:14	29.953	3100
1660	04/03/2017 16:14	30.154	2066.7
1661	04/03/2017 17:14	30.054	1377.8
1662	04/03/2017 18:14	29.953	21.5
1663	04/03/2017 19:14	29.953	0
			
			
			
			
			
			
			
			
			
			
			
			
			
			
			
			
			
			
			
			
			
			
			
			
			
			
			
			
			
			
			
			
			
			
			
			
			
			
			
			
			
			
			
			
			
			
			
			
			
			
			
			
			
			
			
			
			
			
			
			
			
			
			
			
			
			
			
			
			
			
			
			
			
			
			
			
			
			
			
			
			
			
			
			
			
			
			
			
			
			
			
			
			
			
			
			
			
			
			
			
			
			
			
			
			
			
			
			
			
			
			
			
			
			
			
			
			
			
			
			
			
			
			
			
			
			
			
			
			
			
			
			
			
			
			
			
			
			
			
			
			
			
			
			
			
			
			
			
			
			
			
			
			
			
			
			
			
			
			
			
			
			
			
			
			
			
			
			
			
			
			
			
			
			
			
			
			
			
			
			
			
			
			
			
			
			
			
			
			
			
			
			
			
			
			
			
			
			
			
			
			
			
			
			
			
			
			
			
			
			
			
			
			
			
			
			
			
			
			
			
			
			
			
			
			
			
			
			
			
			
			
			
			
			
			
			
			
			
			
			
			
			
			
			
			
			
			
			
			
			
			
			
			
			
			
			
			
			
			
			
			
			
			
			
			
			
			
			
			
			
			
			
			
			
			
			
			
			
			
			
			
			
			
			
			
			
			
			
			
			
			
			
			
			
			
			
			
			
			
			
			
			
			
			
			
			
			
			
			
			
			
			
			
			
			
			
			
			
			
			
			
			
			
			
			
			
			
			
			
			
			
			
			
			
			
			
			
			
			
			
			
			
			
			
			
			
			
			
			
			
			
			
			
			
			
			
			
			
			
			
			
			
			
			
			
			
			
			
			
			
			
			
			
			
			
			
			
			
			
			
			
			
			
			
			
			
			
			
			
			
			
			
			
			
			
			
			
			
			
			
			
			
			
			
			
			
			
			
			
			
			
			
			
			
			
			
			
			
			
			
			
			
			
			
			
			
			
			
			
			
			
			
			
			
			
			
			
			
			
			
			
			
			
			
			
			
			
			
			
			
			
			
			
			
			
			
			
			
			
			
			
			
			
			
			
			
			
			
			
			
			
			
			
			
			
			
			
			
			
			
			
			
			
			
			
			
			
			
			
			
			
			
			
			
			
			
			
			
			
			
			
			
			
			
			
			
			
			
			
			
			
			
			
			
			
			
			
			
			
			
			
			
			
			
			
			
			
			
			
			
			
			
			
			
			
			
			
			
			
			
			
			
			
			
			
			
			
			
			
			
			
			
			
			
			
			
			
			
			
			
			
			
			
			
			
			
			
			
			
			
			
			
			
			
			
			
			
			
			
			
			
			
			
			
			
			
			
			
			
			
			
			
			
			
			
			
			
			
			
			
			
			
			
			
			
			
			
			
			
			
			
			
			
			
			
			
			
			
			
			
			
			
			
			
			
			
			
			
			
			
			
			
			
			
			
			
			
			
			
			
			
			
			
			
			
			
			
			
			
			
			
			
			
			
			
			
			
			
			
			
			
			
			
			
			
			
			
			
			
			
			
			
			
			
			
			
			
			
			
			
			
			
			
			
			
			
			
			
			
			
			
			
			
			
			
			
			
			
			
			
			
			
			
			
			
			
			
			
			
			
			
			
			
			
			
			
			
			
			
			
			
			
			
			
			
			
			
			
			
			
			
			
			
			
			
			
			
			
			
			
			
			
			
			
			
			
			
			
			
			
			
			
			
			
			
			
			
			
			
			
			
			
			
			
			
			
			
			
			
			
			
			
			
			
			
			
			
			
			
			
			
			
			
			
			
			
			
			
			
			
			
			
			
			
			
			
			
			
			
			
			
			
			
			
			
			
			
			
			
			
			
			
			
			
			
			
			
			
			
			
			
			
			
			
			
			
			
			
			
			
			
			
			
			
			
			
			
			
			
			
			
			
			
			
			
			
			
			
			
			
			
			
			
			
			
			
			
			
			
			
			
			
			
			
			
			
			
			
			
			
			
			
			
			
			
			
			
			
			
			
			
			
			
			
			
			
			
			
			
			
			
			
			
			
			
			
			
			
			
			
			
			
			
			
			
			
			
			
			
			
			
			
			
			
			
			
			
			
			
			
			
			
			
			
			
			
			
			
			
			
			
			
			
			
			
			
			
			
			
			
			
			
			
			
			
			
			
			
			
			
			
			
			
			
			
			
			
			
			
			
			
			
			
			
			
			
			
			
			
			
			
			
			
			
			
			
			
			
			
			
			
			
			
			
			
			
			
			
			
			
			
			
			
			
			
			
			
			
			
			
			
			
			
			
			
			
			
			
			
			
			
			
			
			
			
			
			
			
			
			
			
			
			
			
			
			
			
			
			
			
			
			
			
			
			
			
			
			
			
			
			
			
			
			
			
			
			
			
			
			
			
			
			
			
			
			
			
			
			
			
			
			
			
			
			
			
			
			
			
			
			
			
			
			
			
			
			
			
			
			
			
			
			
			
			
			
			
			
			
			
			
			
			
			
			
			
			
			
			
			
			
			
			
			
			
			
			
			
			
			
			
			
			
			
			
			
			
			
			
			
			
			
			
			
			
			
			
			
			
			
			
			
			
			
			
			
			
			
			
			
			
			
			
			
			
			
			
			
			
			
			
			
			
			
			
			
			
			
			
			
			
			
			
			
			
			
			
			
			
			
			
			
			
			
			
			
			
			
			
			
			
			
			
			
			
			
			
			
			
			
			
			
			
			
			
			
			
			
			
			
			
			
			
			
			
			
			
			
			
			
			
			
			
			
			
			
			
			
			
			
			
			
			
			
			
			
			
			
			
			
			
			
			
			
			
			
			
			
			
			
			
			
			
			
			
			
			
			
			
			
			
			
			
			
			
			
			
			
			
			
			
			
			
			
			
			
			
			
			
			
			
			
			
			
			
			
			
			
			
			
			
			
			
			
			
			
			
			
			
			
			
			
			
			
			
			
			
			
			
			
			
			
			
			
			
			
			
			
			
			
			
			
			
			
			
			
			
			
			
			
			
			
			
			
			
			
			
			
			
			
			
			
			
			
			
			
			
			
			
			
			
			
			
			
			
			
			
			
			
			
			
			
			
			
			
			
			
			
			
			
			
			
			
			
			
			
			
			
			
			
			
			
			
			
			
			
			
			
			
			
			
			
			
			
			
			
			
			
			
			
			
			
			
			
			
			
			
			
			
			
			
			
			
			
			
			
			
			
			
			
			
			
			
			
			
			
			
			
			
			
			
			
			
			
			
			
			
			
			
			
			
			
			
			
			
			
			
			
			
			
			
			
			
			
			
			
			
			
			
			
			
			
			
			
			
			
			
			
			
			
			
			
			
			
			
			
			
			
			
			
			
			
			
			
			
			
			
			
			
			
			
			
			
			
			
			
			
			
			
			
			
			
			
			
			
			
			
			
			
			
			
			
			
			
			
			
			
			
			
			
			
			
			
			
			
			
			
			
			
			
			
			
			
			
			
			
			
			
			
			
			
			
			
			
			
			
			
			
			
			
			
			
			
			
			
			
			
			
			
			
			
			
			
			
			
			
			
			
			
			
			
			
			
			
			
			
			
			
			
			
			
			
			
			
			
			
			
			
			
			
			
			
			
			
			
			
			
			
			
			
			
			
			
			
			
			
			
			
			
			
			
			
			
			
			
			
			
			
			
			
			
			
			
			
			
			
			
			
			
			
			
			
			
			
			
			
			
			
			
			
			
			
			
			
			
			
			
			
			
			
			
			
			
			
			
			
			
			
			
			
			
			
			
			
			
			
			
			
			
			
			
			
			
			
			
			
			
			
			
			
			
			
			
			
			
			
			
			
			
			
			
			
			
			
